MOP;language;text;length;rating_list;mean_rating;worker_1;worker_2;worker_3;worker_4;worker_5;worker_6;worker_7;worker_8;worker_9;worker_10;worker_11;worker_12;worker_13;worker_14;worker_15;worker_16;worker_17;worker_18;worker_19;worker_20;max_workers;std_dev;std_dev_4;std_dev_8;std_dev_12;std_dev_dropoff;
MOP4;en; Espagne  served until June 1932 , when she was laid up .;10;4, 4, 3, 4, 3, 2, 4, 2, 4, 4, 3, 4, 3, 4, 1, 3;3,25;4;4;3;4;3;2;4;2;4;4;3;4;3;4;1;3;;;;;16;0,930949336;0,5;0,88640526;0,792961461;0,17502039;
MOP4;en; seven larches  ) is a town in Yamalo-Nenets Autonomous Okrug , Russia , located on the left bank of the Ob River , northwest of Salekhard .;22;3, 3, 4, 4, 1, 1, 2, 4, 3, 2, 3, 2, 4, 3, 1, 2;2,625;3;3;4;4;1;1;2;4;3;2;3;2;4;3;1;2;;;;;16;1,087811258;0,577350269;1,281739889;1,07308674;0,036908977;
MOP4;ja;1917 , the birthday of the fifty -year-old girlfriend , gallery of Paul Cassirer gave a retrospective of drawings of 150 by Kollwitz .;20;1, 3, 1, 1, 1, 4, 3, 2, 3, 2, 1, 1, 1;1,846153846;1;3;1;1;1;4;3;2;3;2;1;1;1;;;;;;;;13;1,068188018;1;1,195228609;1,083624669;0,027257097;
MOP4;zh;1972 Great Britain captain , he was the first black captain of any British national sporting side .;16;2, 3, 1, 1, 4, 2, 2, 1, 1, 3, 1, 3, 4, 2, 2;2,133333333;2;3;1;1;4;2;2;1;1;3;1;3;4;2;2;;;;;;15;1,060098827;0,957427108;1,069044968;1,044465936;0,083444922;
MOP4;es;A 6 month follow-up after implantation of radioactive stents showed little adverse side effects in patients.;16;4, 4, 4, 4, 4, 4, 4, 4, 4, 4, 4, 4, 4, 4, 4, 3, 4;3,941176471;4;4;4;4;4;4;4;4;4;4;4;4;4;4;4;3;4;;;;17;0,242535625;0;0;0;0,242535625;
MOP4;no;A customer in a nearby art gallery jokingly suggested that the city should have a festival to celebrate the accident.;20;4, 4, 4, 4, 4, 4, 4, 4, 4, 4, 4, 4, 4, 4, 3, 4;3,9375;4;4;4;4;4;4;4;4;4;4;4;4;4;4;3;4;;;;;16;0,25;0;0;0;0,25;
MOP4;es;A Mansion House at the lower limit of Woodway land was known as Gorway .;14;3, 4, 4, 4, 1, 4, 3, 2, 2, 4, 4, 4, 2, 4, 3, 3, 1;3,058823529;3;4;4;4;1;4;3;2;2;4;4;4;2;4;3;3;1;;;;17;1,088036548;0,5;1,125991626;1,055289706;0,073851442;
MOP4;es;A petition seeking judicial protection must be accompanied by a report from an independent auditor.;15;4, 4, 4, 4, 4, 4, 4, 4, 4, 4, 4, 4, 2, 4;3,857142857;4;4;4;4;4;4;4;4;4;4;4;4;2;4;;;;;;;14;0,534522484;0;0;0;0,534522484;
MOP4;ja;About 1800 BC and later , the settlement of the area by the Germanic tribes began .;15;3, 4, 3, 4, 4, 3, 3, 2, 4, 4, 3, 4, 4, 3, 4, 1;3,3125;3;4;3;4;4;3;3;2;4;4;3;4;4;3;4;1;;;;;16;0,87321246;0,577350269;0,707106781;0,668557923;0,227006287;
MOP4;zh;ACS to do a special  fat heavy flywheel in 14T and 16T BMX with 16  teeth only 3/16 compatible chain.;20;3, 3, 4, 3, 4, 3, 1, 2, 2, 1, 1, 2, 1, 1, 1, 2;2,125;3;3;4;3;4;3;1;2;2;1;1;2;1;1;1;2;;;;;16;1,087811258;0,5;0,991031209;1,083624669;0,033902501;
MOP4;es;Adults are on wing from June to July in North America and May to July in Europe .;17;1, 1, 2, 1, 3, 3, 3, 4, 4, 1, 3, 4, 4, 2;2,571428571;1;1;2;1;3;3;3;4;4;1;3;4;4;2;;;;;;;14;1,222499691;0,5;1,164964745;1,243163121;0,02066343;
MOP4;ja;After the investigation , he put the responsibility of the meat problem only subcontractors acquitted the vendor and his Ninian Edwards .;20;4, 1, 2, 3, 2, 2, 4, 1, 4, 1, 1, 3, 1, 2;2,214285714;4;1;2;3;2;2;4;1;4;1;1;3;1;2;;;;;;;14;1,188313053;1,290994449;1,187734939;1,23091491;0,042601857;
MOP4;no;All located within the Okataina caldera , along the western edge .;10;4, 4, 4, 4, 4, 1, 1, 2, 4, 2, 4, 3, 3, 2, 3, 2;2,9375;4;4;4;4;4;1;1;2;4;2;4;3;3;2;3;2;;;;;16;1,12361;0;1,414214;1,240112;0,05308656;
MOP4;en;Alpheias baccalis is a species of snout moths in the genus  Alpheias  .;12;3, 4, 3, 4, 4, 4, 4, 4, 4, 4, 4, 4, 4, 4, 2, 4, 4, 1, 2;3,526315789;3;4;3;4;4;4;4;4;4;4;4;4;4;4;2;4;4;1;2;;19;0,904827857;0,577350269;0,46291005;0,389249472;0,342532142;
MOP4;es;Alpheias baccalis is a species of snout moths in the genus  Alpheias  .;12;4, 4, 4, 4, 4, 4, 4, 4, 4, 4, 4, 4, 3, 4;3,928571429;4;4;4;4;4;4;4;4;4;4;4;4;3;4;;;;;;;14;0,267261242;0;0;0;0,267261242;
MOP4;no;Also in that eight - create league were Joe DiMaggio , Joe Gordon, and Stan Musial .;14;3, 3, 3, 3, 3, 1, 2, 1, 1, 4, 1, 4, 2, 1, 3, 3, 1;2,294118;3;3;3;3;3;1;2;1;1;4;1;4;2;1;3;3;1;;;;17;1,104802;0;0,9161254;1,1645;0,007894929;
MOP4;en;and is currently held by two Labour Councillors .;8;2, 3, 4, 2, 1, 4, 3, 2, 4, 1, 2, 1, 3, 4, 3, 4, 1, 2;2,555555556;2;3;4;2;1;4;3;2;4;1;2;1;3;4;3;4;1;2;;;18;1,1490263;0,957427108;1,060660172;1,164500153;0,010679545;
MOP4;no;And now he is the coach of KK Bosna.;9;3, 4, 3, 4, 4, 4, 4, 4, 4, 3, 4, 4, 2, 3;3,571429;3;4;3;4;4;4;4;4;4;3;4;4;2;3;;;;;;;14;0,6462062;0,5773503;0,46291;0,452267;0,1939392;
MOP4;en;As of November 2013 , Murkudis is now longer with Closed due to creative differences .;14;4, 4, 1, 3, 2, 1, 4, 2, 1, 2, 4, 2, 4, 2;2,571428571;4;4;1;3;2;1;4;2;1;2;4;2;4;2;;;;;;;14;1,222499691;1,414213562;1,302470181;1,243163121;0,02066343;
MOP4;es;Banchory is known as the gateway to Royal Deeside.;9;4, 4, 4, 4, 4, 4, 4, 4, 4, 4, 4, 4, 4, 4, 3, 4;3,9375;4;4;4;4;4;4;4;4;4;4;4;4;4;4;3;4;;;;;16;0,25;0;0;0;0,25;
MOP4;ja;Based on the relational algebra , relational database model , introduced a Structured Query Language (SQL) that does not depend on the programming language .;21;3, 3, 3, 1, 1, 1, 4, 2, 3, 1, 2, 3, 3, 1;2,214285714;3;3;3;1;1;1;4;2;3;1;2;3;3;1;;;;;;;14;1,050902281;1;1,164964745;1,055289706;0,004387425;
MOP4;ja;Because she had finished constitute enough material for two albums already , she was submitted to them at a meeting for planning the debut of her .;25;2, 2, 1, 3, 1, 2, 3, 2, 4, 1, 4, 1, 2, 4, 1, 1, 2;2,117647059;2;2;1;3;1;2;3;2;4;1;4;1;2;4;1;1;2;;;;17;1,11143786;0,816496581;0,755928946;1,114640858;0,034985148;
MOP4;zh;Before digital technology became widespread for decades, the scanned data is transmitted analog .;13;2, 2, 2, 1, 3, 2, 2, 3, 2, 2, 3, 2, 1, 2, 1, 4;2,125;2;2;2;1;3;2;2;3;2;2;3;2;1;2;1;4;;;;;16;0,806225775;0,5;0,640869944;0,577350269;0,190497849;
MOP4;en;Bill S. Johnson ( 5 January 1886 – 5 October 1964 ) was an Australian rules footballer who played for Essendon and Carlton in the Victorian Football League (VFL ) .;25;4, 3, 4, 4, 4, 4, 4, 4, 4, 4, 4, 4, 4, 4, 3, 2;3,75;4;3;4;4;4;4;4;4;4;4;4;4;4;4;3;2;;;;;16;0,577350269;0,5;0,353553391;0,288675135;0,310089027;
MOP4;en;Born in Jiangxi , he started learning guqin in his childhood .;10;4, 4, 4, 4, 4, 4, 4, 4, 4, 4, 4, 4, 4, 4, 3;3,933333333;4;4;4;4;4;4;4;4;4;4;4;4;4;4;3;;;;;;15;0,25819889;0;0;0;0,25819889;
MOP4;en;Born in New York , Pajak attended public schools in Buffalo , New York .;12;4, 4, 4, 4, 4, 4, 4, 4, 4, 4, 4, 4, 4, 4, 4, 4, 3;3,941176471;4;4;4;4;4;4;4;4;4;4;4;4;4;4;4;4;3;;;;17;0,242535625;0;0;0;0,242535625;
MOP4;zh;Brydan Klein and Denmark Propoggia is the defending champion , but Klein chose not to compete.;15;4, 3, 2, 4, 1, 3, 4, 4, 1, 2, 2, 4, 2, 2, 2, 3, 1, 2;2,555555556;4;3;2;4;1;3;4;4;1;2;2;4;2;2;2;3;1;2;;;18;1,096637761;0,957427108;1,125991626;1,193416283;0,018444828;
MOP4;no;But as with the members of any organization, some missionaries use certain missionary specific jargon when communicating with each other .;20;4, 4, 4, 4, 4, 4, 4, 3, 4, 4, 3, 4, 4, 4, 4, 4, 3, 2;3,722222;4;4;4;4;4;4;4;3;4;4;3;4;4;4;4;4;3;2;;;18;0,5745131;0;0,3535534;0,3892495;0,2329481;
MOP4;zh;By 1305 , 183 settlers live in the walls of the name , but only 52 in the town's defenses.;18;3, 2, 1, 2, 2, 2, 2, 3, 2, 2, 2, 1, 1, 4, 4;2,2;3;2;1;2;2;2;2;3;2;2;2;1;1;4;4;;;;;;15;0,941123948;0,816496581;0,640869944;0,603022689;0,300611333;
MOP4;no;By 1305 , it was titled 183 settlers living outside the city walls and only 52 in the city's defenses .;19;2, 3, 2, 1, 3, 1, 1, 3, 3, 4, 1, 4, 1, 4, 3, 2;2,375;2;3;2;1;3;1;1;3;3;4;1;4;1;4;3;2;;;;;16;1,147461;0,8164966;0,9258201;1,154701;0,06827831;
MOP4;en;By the early 770s , it appears that Offa was attempting to rule Kent directly , and a rebellion followed .;18;4, 4, 4, 4, 3, 3, 4, 3, 4, 4, 4, 4, 4, 4, 3, 1;3,5625;4;4;4;4;3;3;4;3;4;4;4;4;4;4;3;1;;;;;16;0,81394103;0;0,51754917;0,452267017;0,388125716;
MOP4;ja;Calhoun County , Texas , Seadrift is a city of the United States .;11;1, 3, 2, 2, 2, 4, 4, 4, 4, 2, 4, 2, 2, 2, 3, 1;2,625;1;3;2;2;2;4;4;4;4;2;4;2;2;2;3;1;;;;;16;1,087811258;0,816496581;1,164964745;1,114640858;0,01876629;
MOP4;no;Cambodia , East Timor , Indonesia, Bangladesh , Burma, Nepal, India , Mongolia , Pakistan , Philippines , Sri Lanka , Vietnam;14;3, 1, 4, 1, 2, 2, 1, 3, 1, 4, 3, 3, 3, 2, 1;2,266667;3;1;4;1;2;2;1;3;1;4;3;3;3;2;1;;;;;;15;1,099784;1,5;1,125992;1,154701;0,02111355;
MOP4;zh;Carl's oral history by Bancroft Library at the University of California at Berkeley , was placed in his file Environmental Design , University of California , Berkeley .;24;2, 4, 3, 3, 4, 3, 2, 3, 3, 1, 3, 1, 1, 3, 1;2,466666667;2;4;3;3;4;3;2;3;3;1;3;1;1;3;1;;;;;;15;1,060098827;0,816496581;0,755928946;0,984731928;0,010068303;
MOP4;en;Characters , weapons and vehicles of all the factions have been released as toys or promotional materials .;16;4, 4, 4, 4, 4, 4, 4, 4, 4, 4, 4, 4, 4, 3, 4;3,933333333;4;4;4;4;4;4;4;4;4;4;4;4;4;3;4;;;;;;15;0,25819889;0;0;0;0,25819889;
MOP4;es;Charles Stanley Group plc is a British management company investments.;10;2, 1, 4, 3, 4, 4, 4, 2, 1, 2, 2, 3, 2, 3;2,642857143;2;1;4;3;4;4;4;2;1;2;2;3;2;3;;;;;;;14;1,081817762;1,290994449;1,195228609;1,154700538;0,072882776;
MOP4;en;Clepsis illustrana is a species of moth of the Tortricidae family .;11;4, 4, 3, 4, 4, 4, 3, 4, 4, 4, 4, 4, 3, 4, 4, 2;3,6875;4;4;3;4;4;4;3;4;4;4;4;4;3;4;4;2;;;;;16;0,602079729;0,5;0,46291005;0,389249472;0,176264415;
MOP4;zh;Clepsis illustrana is Tortricidae family of a species of moth .;10;3, 2, 1, 3, 2, 3, 1, 2, 1, 1, 4, 4, 1, 3, 3, 3, 4, 2;2,388888889;3;2;1;3;2;3;1;2;1;1;4;4;1;3;3;3;4;2;;;18;1,092158623;0,957427108;0,83452296;1,138180366;0,01396569;
MOP4;zh;Continuous do not see the future with Kid Rock after this and released him from his contract in 1994 .;19;3, 1, 1, 2, 1, 2, 2, 4, 4, 1, 1, 1, 2, 1, 3;1,933333333;3;1;1;2;1;2;2;4;4;1;1;1;2;1;3;;;;;;15;1,099783528;0,957427108;1,069044968;1,164500153;0,015380022;
MOP4;en;Continuum didn't see a future with Kid Rock after this , and released him from his contract in 1994 .;18;4, 4, 4, 4, 4, 4, 4, 4, 4, 4, 4, 4, 4, 3, 4;3,933333333;4;4;4;4;4;4;4;4;4;4;4;4;4;3;4;;;;;;15;0,25819889;0;0;0;0,25819889;
MOP4;es;Council appointed the Division 4 Councillor John Whaley Mayor .;9;4, 4, 4, 4, 3, 3, 4, 3, 3, 4, 3, 4, 4, 3, 4, 1;3,4375;4;4;4;4;3;3;4;3;3;4;3;4;4;3;4;1;;;;;16;0,81394103;0;0,51754917;0,514928651;0,300388439;
MOP4;es;Danmarks Radio has an office in the city.;8;4, 4, 4, 4, 4, 4, 4, 4, 4, 4, 4, 4, 4, 3, 4;3,933333333;4;4;4;4;4;4;4;4;4;4;4;4;4;3;4;;;;;;15;0,25819889;0;0;0;0,25819889;
MOP4;ja;December 2009 , Panter became the chairman of the Rambert Dance Company .;11;4, 4, 4, 2, 4, 4, 4, 4, 4, 4, 4, 4, 4, 4, 2, 4;3,75;4;4;4;2;4;4;4;4;4;4;4;4;4;4;2;4;;;;;16;0,683130051;1;0,707106781;0,577350269;0,148607567;
MOP4;ja;Despite the loss of some of his eyes , John Horus fends cut off his attack .;14;3, 1, 3, 4, 1, 1, 2, 2, 2, 4, 2, 1, 1, 1, 3;2,066666667;3;1;3;4;1;1;2;2;2;4;2;1;1;1;3;;;;;;15;1,099783528;1,258305739;1,125991626;1,114640858;0,015380022;
MOP4;ja;During the second half of her career , Pereira , refused to rich experience difficulty with director of the museum and gallery owners and Abstract Expressionism .;24;1, 2, 1, 3, 1, 2, 2, 1, 2, 1, 2, 1, 2, 1, 3, 2, 4, 2;1,833333333;1;2;1;3;1;2;2;1;2;1;2;1;2;1;3;2;4;2;;;18;0,857492926;0,957427108;0,744023809;0,668557923;0,153338587;
MOP4;zh;During this time , he used the name of several stages , including Don Maxwell and Chester Lad .;16;3, 2, 3, 4, 4, 4, 4, 2, 2, 3, 4, 4, 1, 3, 2, 1;2,875;3;2;3;4;4;4;4;2;2;3;4;4;1;3;2;1;;;;;16;1,087811258;0,816496581;0,88640526;0,866025404;0,090562295;
MOP4;es;Each group was asked to rate both the best and worst politicians .;12;4, 4, 4, 4, 4, 4, 4, 4, 4, 4, 4, 4, 4, 3, 4;3,933333333;4;4;4;4;4;4;4;4;4;4;4;4;4;3;4;;;;;;15;0,25819889;0;0;0;0,25819889;
MOP4;zh;Endo Pharmaceuticals building construction due to the contours of the cushion can be described as shallow and wide landscape plan .;20;3, 2, 3, 1, 4, 1, 3, 4, 3, 3, 4, 4, 2, 3, 1, 2, 2, 1;2,555555556;3;2;3;1;4;1;3;4;3;3;4;4;2;3;1;2;2;1;;;18;1,096637761;0,957427108;1,187734939;1,083624669;0,018444828;
MOP4;es;Endo Pharmaceuticals The building can be described as a mat building due to its shallow and wide in the landscape plan profile.;22;2, 2, 1, 3, 1, 4, 2, 4, 4, 1, 1, 2, 3, 1, 2, 1, 1, 1;2;2;2;1;3;1;4;2;4;4;1;1;2;3;1;2;1;1;1;;;18;1,137592918;0,816496581;1,187734939;1,215431087;0,009868047;
MOP4;no;Engaged in long-range strategic bombing of enemy targets in occupied Europe and Nazi Germany , attacking transportation, industry, oil industry and other measures as directed .;24;2, 3, 2, 4, 3, 2, 1, 2, 4, 4, 4, 2, 1, 2, 3, 4;2,6875;2;3;2;4;3;2;1;2;4;4;4;2;1;2;3;4;;;;;16;1,078193;0,9574271;0,9161254;1,05529;0,01121663;
MOP4;ja;Field of potent ligands leads to low- spin complex , which causes some exceptions to 18 e- rule .;17;4, 3, 2, 2, 1, 4, 4, 3, 1, 2, 1, 1, 1;2,230769231;4;3;2;2;1;4;4;3;1;2;1;1;1;;;;;;;;13;1,23516842;0,957427108;1,125991626;1,23091491;0,021608668;
MOP4;no;From 1961 to 1963 Jones taught at Croydon College of Art.;11;4, 4, 4, 4, 4, 4, 4, 4, 4, 4, 4, 4, 4, 4, 3;3,933333;4;4;4;4;4;4;4;4;4;4;4;4;4;4;3;;;;;;15;0,2581989;0;0;0;0,2581989;
MOP4;en;From 1970 to 1982 , Wellink worked at the Dutch Ministry of Finance .;12;4, 4, 4, 4, 4, 4, 4, 4, 4, 4, 4, 4, 4, 4, 3, 4;3,9375;4;4;4;4;4;4;4;4;4;4;4;4;4;4;3;4;;;;;16;0,25;0;0;0;0,25;
MOP4;es;Gaga costumes throughout the video consists mainly of a single computer that was designed by Gianni Versace.;17;3, 3, 3, 3, 4, 3, 3, 3, 3, 3, 3, 4, 1, 3, 1, 2;2,8125;3;3;3;3;4;3;3;3;3;3;3;4;1;3;1;2;;;;;16;0,83416625;0;0,353553391;0,389249472;0,15480003;
MOP4;en;Geertz's final category of slametans , intermittently occurring and dependent on a specific situation , are somewhat less frequent and tend to be smaller affairs .;23;4, 4, 3, 3, 2, 1, 2, 4, 4, 3, 2, 3, 2, 4, 1, 2, 4;2,823529412;4;4;3;3;2;1;2;4;4;3;2;3;2;4;1;2;4;;;;17;1,074435556;0,577350269;1,125991626;0,99620492;0,007889982;
MOP4;zh;Given this approach, language and literacy interventions take place continually , while strengthening the bond between parents and children .;18;4, 4, 3, 4, 4, 4, 4, 4, 3, 4, 4, 4, 4, 3, 4, 2;3,6875;4;4;3;4;4;4;4;4;3;4;4;4;4;3;4;2;;;;;16;0,602079729;0,5;0,353553391;0,389249472;0,176264415;
MOP4;zh;Guests have from two sports and entertainment world .;8;2, 2, 1, 2, 1, 2, 1, 1, 1, 3, 1, 2, 1, 4;1,714285714;2;2;1;2;1;2;1;1;1;3;1;2;1;4;;;;;;;14;0,913873533;0,5;0,534522484;0,668557923;0,24531561;
MOP4;en;Harold` s batman Private Albert Scriven wrote to his widow Mabel on 16 September describing what happened :;17;3, 2, 3, 1, 3, 2, 4, 4, 1, 1, 2, 1, 3, 4, 3, 3;2,5;3;2;3;1;3;2;4;4;1;1;2;1;3;4;3;3;;;;;16;1,095445115;0,957427108;1,035098339;1,138180366;0,062423332;
MOP4;ja;Haslum is a district in the municipality Baerum , Norway .;9;4, 4, 4, 4, 4, 4, 4, 4, 4, 4, 4, 4, 4, 4, 3, 4, 2, 4;3,833333333;4;4;4;4;4;4;4;4;4;4;4;4;4;4;3;4;2;4;;;18;0,514495755;0;0;0;0,264495755;
MOP4;en;"He has established three international organizations ; are Sawaad-e-A’zam , Ahle Sunnat Haqeeqee and International Sunni Movement which are non-profit and non-political movements .";21;4, 2, 4, 2, 1, 3, 2, 3, 4, 2, 3, 4, 1, 3, 2, 4;2,75;4;2;4;2;1;3;2;3;4;2;3;4;1;3;2;4;;;;;16;1,064581295;1,154700538;1,060660172;1,029857301;0,004463673;
MOP4;en;He is an acute ... and discriminat ... logician  with  the habitual coolness and caution  of the lawyer .;15;3, 4, 4, 3, 1, 4, 3, 1, 3, 3, 1, 2, 1, 1, 2, 4;2,5;3;4;4;3;1;4;3;1;3;3;1;2;1;1;2;4;;;;;16;1,211060142;0,577350269;1,246423455;1,154700538;0,011439549;
MOP4;zh;He is the second ( 2003 ) Gulf War, the United States Marine Corps embedded .;13;1, 2, 1, 1, 1, 1, 1, 1, 1, 1, 1, 1, 1, 1, 1, 3;1,1875;1;2;1;1;1;1;1;1;1;1;1;1;1;1;1;3;;;;;16;0,543905629;0,5;0,353553391;0,288675135;0,276644387;
MOP4;en;He played three seasons in the NFL , one with the Seattle Seahawks and two with the Miami Dolphins .;18;4, 4, 4, 4, 4, 4, 4, 4, 4, 4, 4, 4, 4, 4, 4, 4, 4, 3;3,944444444;4;4;4;4;4;4;4;4;4;4;4;4;4;4;4;4;4;3;;;18;0,23570226;0;0;0;0,23570226;
MOP4;ja;He preferred more , the style of pacing volley and was completed quickness , the angle excellent choice , paired with strategy .;19;1, 1, 1, 1, 1, 1, 2, 2, 2, 1, 1, 1, 1, 1, 1, 1, 3, 1;1,277777778;1;1;1;1;1;1;2;2;2;1;1;1;1;1;1;1;3;1;;;18;0,57451315;0;0,46291005;0,452267017;0,171400263;
MOP4;no;He said the state could ask the company that prepared the ship for its sinking to correct its position .;19;1, 3, 4, 2, 4, 2, 3, 4, 2, 3, 3, 4, 1;2,769231;1;3;4;2;4;2;3;4;2;3;3;4;1;;;;;;;;13;1,091928;1,290994;1,125992;0,9962049;0,1102786;
MOP4;es;He said the state could ask the company that prepares the ship for sinking to correct its position .;18;3, 2, 4, 3, 3, 2, 3, 1, 1, 3, 4, 3, 1, 4, 1, 2, 3;2,529411765;3;2;4;3;3;2;3;1;1;3;4;3;1;4;1;2;3;;;;17;1,067570083;0,816496581;0,916125381;0,984731928;0,057892785;
MOP4;en;He was born in Nashville , Tennessee during the height of Jesse James' career as an outlaw .;16;4, 4, 4, 4, 4, 4, 4, 4, 4, 4, 4, 4, 4, 4, 3, 4;3,9375;4;4;4;4;4;4;4;4;4;4;4;4;4;4;3;4;;;;;16;0,25;0;0;0;0,25;
MOP4;ja;He was survived by two daughters and predeceased, his wife , by Barbara King Forest .;14;4, 4, 1, 2, 1, 1, 1, 3, 1, 1, 2, 4, 2, 1, 3, 3, 4, 3;2,277777778;4;4;1;2;1;1;1;3;1;1;2;4;2;1;3;3;4;3;;;18;1,227410261;1,5;1,356202682;1,311372171;0,023250803;
MOP4;no;He was then transferred to Riazuddin 's Theoretical Physics Group ( TPG ) , where he had worked closely with Riazuddin in the development of nuclear weapons.;23;4, 3, 4, 4, 4, 4, 4, 4, 4, 4, 4, 4, 3, 4, 2, 4;3,75;4;3;4;4;4;4;4;4;4;4;4;4;3;4;2;4;;;;;16;0,5773503;0,5;0,3535534;0,2886751;0,2142137;
MOP4;en;He wrote over 20 books including  The Mad Morality  and  Christian Anarchy : Jesus' Primacy Over the Powers  .;17;4, 3, 4, 4, 4, 4, 4, 4, 4, 4, 4, 4, 3, 4, 4, 4, 4, 2;3,777777778;4;3;4;4;4;4;4;4;4;4;4;4;3;4;4;4;4;2;;;18;0,548318881;0,5;0,353553391;0,288675135;0,206753855;
MOP4;en;Hispanic or Latino of any race were 1.5 % of the population .;11;3, 4, 2, 2, 4, 2, 1, 4, 4, 4, 4, 3, 2, 4, 2, 4, 4;3,117647059;3;4;2;2;4;2;1;4;4;4;4;3;2;4;2;4;4;;;;17;1,053704948;0,957427108;1,164964745;1,083624669;0,01534002;
MOP4;es;How to approach the king for a post in the  Hird ;11;4, 1, 2, 3, 4, 1, 2, 2, 3, 2, 1, 2, 1, 3, 4, 1, 3;2,294117647;4;1;2;3;4;1;2;2;3;2;1;2;1;3;4;1;3;;;;17;1,104802351;1,290994449;1,187734939;1,055289706;0,007894929;
MOP4;ja;How to play  crying Tichimi  Her became the basis of the 1958 movie  Restless year  .;15;1, 1, 1, 1, 1, 2, 1, 2, 2, 1, 2, 1, 1, 1, 2, 3;1,4375;1;1;1;1;1;2;1;2;2;1;2;1;1;1;2;3;;;;;16;0,62915287;0;0,46291005;0,492365964;0,160345639;
MOP4;es;However, during these years that he learned English , Tamil and Kannada .;11;2, 2, 2, 2, 3, 3, 1, 4, 1, 3, 1, 3, 4, 4, 1, 4, 3;2,529411765;2;2;2;2;3;3;1;4;1;3;1;3;4;4;1;4;3;;;;17;1,124591429;0;0,916125381;0,965307299;0,003367608;
MOP4;en;Hydration , the addition of water across the double bond of alkenes , yields alcohols .;13;2, 4, 4, 1, 4, 4, 3, 4, 3, 4, 3, 4, 2, 3, 1, 4;3,125;2;4;4;1;4;4;3;4;3;4;3;4;2;3;1;4;;;;;16;1,087811258;1,5;1,164964745;0,984731928;0,112850002;
MOP4;ja;Icon of Theotocos Iverskaya disappeared in 1927 , it was not recovered .;11;4, 3, 4, 3, 4, 3, 3, 4, 2, 4, 3, 3, 1, 3;3,142857143;4;3;4;3;4;3;3;4;2;4;3;3;1;3;;;;;;;14;0,864437822;0,577350269;0,534522484;0,651338947;0,213098874;
MOP4;no;Icon Theotocos Iverskaya disappeared in 1927 and was never found .;10;4, 4, 4, 4, 4, 4, 3, 4, 4, 4, 4, 4, 4, 4, 4, 3, 2, 4;3,777778;4;4;4;4;4;4;3;4;4;4;4;4;4;4;4;3;2;4;;;18;0,5483189;0;0,3535534;0,2886751;0,2067539;
MOP4;es;In 1917 , in his fiftieth birthday , the galleries of Paul Cassirer provided a retrospective of drawings by Kollwitz hundred .;19;2, 1, 3, 3, 3, 4, 2, 3, 2, 2, 1, 4, 2, 2, 1, 1, 4, 4;2,444444444;2;1;3;3;3;4;2;3;2;2;1;4;2;2;1;1;4;4;;;18;1,096637761;0,957427108;0,916125381;1;0,096637761;
MOP4;en;In 1951 , the rear suspension was upgraded to the  Jampot  unit , derided for its shape in the 28 September issue of the  Motor Cycle  magazine .;25;4, 1, 4, 1, 4, 3, 3, 2, 3, 1, 3, 3, 4, 4, 4, 4;3;4;1;4;1;4;3;3;2;3;1;3;3;4;4;4;4;;;;;16;1,154700538;1,732050808;1,281739889;1,154700538;0,012620053;
MOP4;en;In 2003 , Willis Broadcasting Corp. sold the station to Starboard Broadcasting for $ 1.5 million .;14;4, 4, 4, 4, 4, 4, 4, 4, 4, 4, 4, 4, 4, 4, 4, 3;3,9375;4;4;4;4;4;4;4;4;4;4;4;4;4;4;4;3;;;;;16;0,25;0;0;0;0,25;
MOP4;no;In 2003 the ceremonial borders were further adjusted , placing the entire Caerphilly Municipality in the ceremonial county of Gwent .;19;4, 3, 4, 4, 3, 4, 4, 4, 4, 4, 4, 2, 4;3,692308;4;3;4;4;3;4;4;4;4;4;4;2;4;;;;;;;;13;0,6304252;0,5;0,46291;0,6513389;0,2259053;
MOP4;zh;In Aleppo vilayet of farmland , including Maskanah, was confiscated in 1876 by the Sultan Abdulhamid II as his own personal property.;21;1, 2, 2, 1, 1, 1, 1, 1, 1, 1, 1, 2, 2, 3, 3;1,533333333;1;2;2;1;1;1;1;1;1;1;1;2;2;3;3;;;;;;15;0,743223353;0,577350269;0,46291005;0,452267017;0,262838892;
MOP4;es;In December 2009 , Panter became President of the Rambert Dance Company.;11;4, 4, 4, 4, 4, 4, 4, 4, 4, 4, 4, 4, 4, 4, 4, 4, 3;3,941176471;4;4;4;4;4;4;4;4;4;4;4;4;4;4;4;4;3;;;;17;0,242535625;0;0;0;0,242535625;
MOP4;en;In his two spells for Southampton , Brown made a total of 81 appearances in all competitions , scoring 31 goals .;19;4, 4, 4, 4, 3, 4, 4, 4, 4, 4, 4, 4, 4, 4, 2, 4;3,8125;4;4;4;4;3;4;4;4;4;4;4;4;4;4;2;4;;;;;16;0,543905629;0;0,353553391;0,288675135;0,276644387;
MOP4;en;In it Mayr uses in a creative manner the historical sources of which he has excellent knowledge .;17;3, 4, 4, 3, 3, 3, 3, 4, 3, 3, 2, 2;3,083333333;3;4;4;3;3;3;3;4;3;3;2;2;;;;;;;;;12;0,668557923;0,577350269;0,51754917;0,668557923;0,185512032;
MOP4;ja;In some cases , control of the radio is called programmable .;10;4, 2, 3, 4, 2, 4, 3, 3, 3, 4, 4, 3, 4, 3, 4, 3, 1;3,176470588;4;2;3;4;2;4;3;3;3;4;4;3;4;3;4;3;1;;;;17;0,882843001;0,957427108;0,83452296;0,753778361;0,159096137;
MOP4;zh;In the comics, Ji new monsters wreak havoc across the city back to the last part of the front of the school .;22;1, 3, 1, 4, 1, 1, 3, 2, 4, 2, 2, 2, 2, 4, 3, 2, 1;2,235294118;1;3;1;4;1;1;3;2;4;2;2;2;2;4;3;2;1;;;;17;1,091410313;1,5;1,195228609;1,114640858;0,021286968;
MOP4;ja;In the Federal District ) , sovereignty and national freedom ( includes federal entities of 32 of Mexico , is one of 31 states officially of Sonora ) , Sonora ( .;24;1, 2, 1, 1, 4, 1, 1, 1, 2, 1, 1, 3, 2, 1, 4;1,733333333;1;2;1;1;4;1;1;1;2;1;1;3;2;1;4;;;;;;15;1,099783528;0,5;1,069044968;0,99620492;0,139014606;
MOP4;es;In the Latin Grammy Awards in Houston, Texas, after a presentation of various accordion Latin music that touched with his song .;21;3, 1, 1, 1, 2, 2, 2, 3, 2, 1, 2, 2, 1, 2, 4, 1;1,875;3;1;1;1;2;2;2;3;2;1;2;2;1;2;4;1;;;;;16;0,885061203;1;0,83452296;0,717740563;0,185767996;
MOP4;zh;In this book , the author describes his four -year survey of the world of international art theft .;16;4, 4, 4, 4, 4, 4, 4, 4, 4, 4, 4, 4, 4, 4, 4, 3, 3;3,882352941;4;4;4;4;4;4;4;4;4;4;4;4;4;4;4;3;3;;;;17;0,332105582;0;0;0;0,332105582;
MOP4;es;Inside, the building has an inviting oval staircase lit by a cupola .;12;4, 4, 4, 4, 3, 4, 4, 4, 4, 4, 3, 4, 1;3,615384615;4;4;4;4;3;4;4;4;4;4;3;4;1;;;;;;;;13;0,869718493;0;0,353553391;0,389249472;0,465198575;
MOP4;ja;It becomes 16T and 14T freewheel special FAT Heavy Duty BMX compatible with the March 16 is the  the teeth ACS, only chain 3/16  .;23;1, 1, 1, 1, 1, 1, 2, 1, 1, 1, 1, 1, 2, 1, 3, 1;1,25;1;1;1;1;1;1;2;1;1;1;1;1;2;1;3;1;;;;;16;0,577350269;0;0,353553391;0,288675135;0,21421375;
MOP4;no;It is a fully ordered triclinic modification of potassium feldspar and dimorphous with orthoclase .;14;4, 3, 3, 4, 3, 3, 3, 2, 3, 4, 4, 2, 3, 1, 3;3;4;3;3;4;3;3;3;2;3;4;4;2;3;1;3;;;;;;15;0,8451543;0,5773503;0,6408699;0,7177406;0,156417;
MOP4;es;It is a totally ordered triclinic modification of potassium feldspar and is dimorphic with orthoclase .;15;4, 4, 2, 3, 3, 2, 4, 4, 4, 3, 4, 4, 1, 2, 1, 4;3,0625;4;4;2;3;3;2;4;4;4;3;4;4;1;2;1;4;;;;;16;1,123610253;0,957427108;0,88640526;0,792961461;0,096505071;
MOP4;en;It is best known for the Puy du Fou historical theme park .;12;4, 4, 4, 4, 3, 4, 2, 3, 3, 4, 4, 4, 4, 4, 4, 1, 4;3,529411765;4;4;4;4;3;4;2;3;3;4;4;4;4;4;4;1;4;;;;17;0,874474632;0;0,755928946;0,668557923;0,257261232;
MOP4;zh;It is located in the Eastern European Alps Yuelienci the Hohe Tauern mountain range to the north .;17;4, 3, 4, 2, 2, 2, 3, 3, 4, 2, 4, 1, 4, 2, 1, 3, 1;2,647058824;4;3;4;2;2;2;3;3;4;2;4;1;4;2;1;3;1;;;;17;1,114740803;0,957427108;0,83452296;1,029857301;0,014957275;
MOP4;ja;It is located in the market town of South Market Weighton about .;12;4, 3, 2, 2, 1, 1, 2, 3, 2, 3, 4, 1, 1, 3, 2, 1;2,1875;4;3;2;2;1;1;2;3;2;3;4;1;1;3;2;1;;;;;16;1,046820583;0,957427108;1,035098339;1,07308674;0,022224384;
MOP4;en;It is set near the site of the pre-reformation St.Mary's Chapel and has long been associated with pagan ritual practices .;20;3, 4, 4, 4, 3, 3, 4, 4, 4, 4, 4, 4, 4, 4, 3, 2, 3;3,588235294;3;4;4;4;3;3;4;4;4;4;4;4;4;4;3;2;3;;;;17;0,618346942;0,5;0,51754917;0,452267017;0,160609234;
MOP4;ja;It met the mother of Alice , widow Ellen Bailey the ( Dorothy Green ) , Larsen / Kincaid arrived in town .;17;1, 1, 1, 3, 1, 2, 1, 1, 2, 1, 2, 1, 2, 1, 2, 2, 4, 2;1,666666667;1;1;1;3;1;2;1;1;2;1;2;1;2;1;2;2;4;2;;;18;0,84016805;1;0,744023809;0,668557923;0,207712518;
MOP4;zh;It seems , just Maler 's young and promising career started as soon as possible , it was all over .;17;1, 1, 1, 4, 4, 2, 3, 2, 1, 1, 3, 3, 3, 2, 2, 3;2,25;1;1;1;4;4;2;3;2;1;1;3;3;3;2;2;3;;;;;16;1,064581295;1,5;1,281739889;1,193416283;0,057132465;
MOP4;zh;It was released in March 2014 by cooking ethylene razor and tie in North America and Europe.;17;1, 3, 2, 2, 1, 1, 3, 3, 4, 1, 4, 3, 1, 3, 3, 2;2,3125;1;3;2;2;1;1;3;3;4;1;4;3;1;3;3;2;;;;;16;1,078192933;0,816496581;0,9258201;1,154700538;0,060535875;
MOP4;en;Its capitula is in diameter and is globose and quite ovate .;11;2, 2, 1, 1, 2, 1, 4, 1, 2, 3, 2, 1, 1, 4;1,928571429;2;2;1;1;2;1;4;1;2;3;2;1;1;4;;;;;;;14;1,071611706;0,577350269;1,035098339;0,937436867;0,134174839;
MOP4;zh;Its existence , however , defended Oswald Garrison Villard , who states:;9;2, 1, 3, 1, 1, 4, 4, 2, 3, 4, 2, 3, 2, 3;2,5;2;1;3;1;1;4;4;2;3;4;2;3;2;3;;;;;;;14;1,091928428;0,957427108;1,281739889;1,167748416;0,075819988;
MOP4;ja;James McFarlane ( September 2, 1844 - November 24, 1914 ) was a politician of Australia Scottish born .;15;4, 4, 3, 3, 4, 3, 3, 1, 1, 3, 1, 3, 3, 3;2,785714286;4;4;3;3;4;3;3;1;1;3;1;3;3;3;;;;;;;14;1,050902281;0,577350269;0,991031209;1,138180366;0,087278085;
MOP4;no;Jason Stewart ( born 1971 ) is an American film -and TV editor best known for his work on independent films and reality TV .;21;4, 4, 4, 4, 4, 4, 4, 4, 4, 4, 4, 4, 4, 4, 3, 3;3,875;4;4;4;4;4;4;4;4;4;4;4;4;4;4;3;3;;;;;16;0,341565;0;0;0;0,341565;
MOP4;es;Jet Airways plans to attract more passengers subsequently lower rates , which was again followed by SpiceJet .;16;2, 4, 2, 2, 4, 1, 3, 4, 2, 4, 1, 2, 1, 3, 2, 3, 2;2,470588235;2;4;2;2;4;1;3;4;2;4;1;2;1;3;2;3;2;;;;17;1,067570083;1;1,164964745;1,164500153;0,057892785;
MOP4;zh;Jewish agricultural colonies to become a model for global public agricultural work .;12;4, 4, 2, 3, 4, 1, 3, 4, 3, 2, 1, 4, 4, 4, 3;3,066666667;4;4;2;3;4;1;3;4;3;2;1;4;4;4;3;;;;;;15;1,099783528;0,957427108;1,125991626;1,164500153;0,05491701;
MOP4;no;Jewish jordbrukskolonierble models for common agricultural efforts worldwide.;8;1, 1, 1, 1, 2, 3, 1, 4, 2, 2, 4, 3, 2, 4, 3;2,266667;1;1;1;1;2;3;1;4;2;2;4;3;2;4;3;;;;;;15;1,162919;0;1,164965;1,1645;0,0477556;
MOP4;zh;Johnny hates jazz is a British pop rock band currently consists of Clark Datchler ( songwriter , vocals , keyboards) and Mike Nocito ( producer, engineer ) 's .;22;1, 2, 4, 3, 1, 3, 1, 1, 2, 2, 3, 1, 3, 3, 4, 3;2,3125;1;2;4;3;1;3;1;1;2;2;3;1;3;3;4;3;;;;;16;1,078192933;1,290994449;1,195228609;1,044465936;0,051087751;
MOP4;zh;Klaus repatriated Allied occupation of Germany , UK , Germany in February 1946 and imprisoned May 22, 1946 announced .;17;2, 1, 1, 1, 2, 1, 2, 1, 1, 1, 1, 1, 2, 1, 3, 1;1,375;2;1;1;1;2;1;2;1;1;1;1;1;2;1;3;1;;;;;16;0,619139187;0,5;0,51754917;0,452267017;0,150331956;
MOP4;no;Kulturhuset is located next to the dental practice of service apartments.;11;1, 2, 3, 4, 3, 3, 2, 1, 4, 4, 3, 3, 3, 1, 2;2,6;1;2;3;4;3;3;2;1;4;4;3;3;3;1;2;;;;;;15;1,055597;1,290994;1,06066;1,05529;0,04285796;
MOP4;zh;Lansky believes that Siemens and women's clothing from her glamorous kick ass , or maybe until the club's clothing and high heels , the .;21;1, 1, 1, 1, 1, 1, 1, 1, 1, 1, 1, 1, 1, 1, 1, 1, 2;1,058823529;1;1;1;1;1;1;1;1;1;1;1;1;1;1;1;1;2;;;;17;0,242535625;0;0;0;0,242535625;
MOP4;zh;Larsen / Kincaid reach the town , meeting Alice 's mother , widow Ellen Bailey ( Dorothy Green ) .;13;2, 3, 4, 1, 3, 2, 1, 4, 3, 3, 2, 1, 4, 3, 1, 4;2,5625;2;3;4;1;3;2;1;4;3;3;2;1;4;3;1;4;;;;;16;1,152894907;1,290994449;1,195228609;1,083624669;0,063485348;
MOP4;en;Making a return in Jungledyret 3 , he has turned over a new leaf and wishes to keep Hugo safe .;19;3, 4, 3, 4, 3, 3, 2, 2, 3, 3, 4, 4, 2, 3, 4, 3, 2, 1;2,944444444;3;4;3;4;3;3;2;2;3;3;4;4;2;3;4;3;2;1;;;18;0,872604096;0,577350269;0,755928946;0,717740563;0,153808808;
MOP4;zh;Maldives later stole the head of the island garrison and Funadhoo buried it.;13;3, 4, 3, 4, 4, 3, 4, 3, 4, 4, 3, 4, 1, 1, 2;3,133333333;3;4;3;4;4;3;4;3;4;4;3;4;1;1;2;;;;;;15;1,060098827;0,577350269;0,534522484;0,514928651;0,190380335;
MOP4;zh;Mianzhu ( ) is Deyang , Sichuan Province, a county-level city in southwest China.;11;4, 3, 3, 1, 3, 3, 2, 2, 3, 3, 4, 3, 1, 2, 1, 4, 1;2,529411765;4;3;3;1;3;3;2;2;3;3;4;3;1;2;1;4;1;;;;17;1,067570083;1,258305739;0,916125381;0,83484711;0,077139681;
MOP4;no;More reprint editions exist, with varying numbers of volumes.;9;4, 4, 4, 4, 4, 4, 4, 4, 4, 4, 4, 4, 4, 4, 2, 3;3,8125;4;4;4;4;4;4;4;4;4;4;4;4;4;4;2;3;;;;;16;0,5439056;0;0;0;0,5439056;
MOP4;no;Myrtle Beach is served by the Coast RTA and the Pee Dee Regional Transportation Authority .;15;4, 4, 4, 4, 4, 4, 4, 4, 4, 4, 3, 4, 4, 3, 2, 3;3,6875;4;4;4;4;4;4;4;4;4;4;3;4;4;3;2;3;;;;;16;0,6020797;0;0;0,2886751;0,2389432;
MOP4;es;No penalties attach to the failure or refusal to recite the pledge oath .The is voluntary and is not sanctioned by default. ;21;2, 3, 1, 3, 4, 3, 2, 1, 2, 1, 1, 2, 2, 4;2,214285714;2;3;1;3;4;3;2;1;2;1;1;2;2;4;;;;;;;14;1,050902281;0,957427108;1,060660172;0,99620492;0,054697361;
MOP4;no;On the departure of the Blind School in 1958, the Manor bought by York City Council , who leased it to the university in 1963 .;24;1, 4, 2, 1, 3, 4, 3, 2, 3, 3, 3, 4, 3, 4, 1;2,733333;1;4;2;1;3;4;3;2;3;3;3;4;3;4;1;;;;;;15;1,099784;1,414214;1,195229;1,05529;0,08704416;
MOP4;es;Once in the study, however , the team did not have a clear direction for the album as there were concepts that are being discussed .;24;3, 2, 2, 2, 3, 2, 3, 2, 2, 2, 2, 2, 2, 2, 3, 4, 2;2,352941176;3;2;2;2;3;2;3;2;2;2;2;2;2;2;3;4;2;;;;17;0,606339063;0,5;0,51754917;0,452267017;0,148601354;
MOP4;es;Paul Evans Aidoo (born August 4, 1958 ) is a professor of political and Ghana .;13;3, 3, 1, 4, 3, 2, 4, 4, 2, 1, 3, 2, 4, 1, 2, 3, 1;2,529411765;3;3;1;4;3;2;4;4;2;1;3;2;4;1;2;3;1;;;;17;1,124591429;1,258305739;1,069044968;1,07308674;0,003367608;
MOP4;ja;Paul Pratt ( May 1, born 1985 ) is a back corner of American football is a free agent now .;18;1, 2, 3, 1, 2, 3, 1, 2, 1, 2, 2, 2, 2, 1, 1, 4, 2;1,882352941;1;2;3;1;2;3;1;2;1;2;2;2;2;1;1;4;2;;;;17;0,857492926;0,957427108;0,83452296;0,717740563;0,153761375;
MOP4;ja;Percentage of the entire show vote will not be published .;10;3, 3, 4, 1, 1, 4, 1, 2, 1, 3, 2, 1, 4, 3, 2, 3, 2;2,352941176;3;3;4;1;1;4;1;2;1;3;2;1;4;3;2;3;2;;;;17;1,114740803;1,258305739;1,302470181;1,193416283;0,060398499;
MOP4;no;Peter Ustinov said, before looking  uMabatha  , he did not really understand  Macbeth  .;12;2, 2, 2, 4, 1, 4, 1, 2, 2, 3, 4, 2, 4, 2, 2, 2, 4;2,529412;2;2;2;4;1;4;1;2;2;3;4;2;4;2;2;2;4;;;;17;1,06757;1;1,164965;1,083625;0,007471256;
MOP4;ja;Posters before the mistake was discovered by Coca-Cola management has been distributed to shops bottle hotels and thousands of Australia .;20;2, 1, 1, 2, 2, 2, 1, 1, 2, 1, 2, 3, 1, 1, 3, 4, 2;1,823529412;2;1;1;2;2;2;1;1;2;1;2;3;1;1;3;4;2;;;;17;0,882843001;0,577350269;0,534522484;0,651338947;0,159096137;
MOP4;no;Qun -Quran or Qun - Qiran ( r.1251 - c.1280 ) was khan of Orda 's Ulus .;11;3, 3, 3, 2, 2, 4, 4, 2, 1, 1, 4, 1, 2, 3, 1, 2, 3;2,411765;3;3;3;2;2;4;4;2;1;1;4;1;2;3;1;2;3;;;;17;1,064121;0,5;0,834523;1,167748;0,05710308;
MOP4;zh;Randonneuring bike way , requiring almost covers a long period of time the generous allocation of continuous riding distance.;18;3, 1, 2, 1, 2, 1, 1, 1, 1, 1, 1, 1, 1, 4, 1, 1, 1, 4;1,555555556;3;1;2;1;2;1;1;1;1;1;1;1;1;4;1;1;1;4;;;18;1,041617646;0,957427108;0,755928946;0,651338947;0,149522733;
MOP4;es;Richard Hargrave Colless (born November 12, 1952 ) is an Australian politician and National Party member of the Legislative Council of New South Wales Australia .;23;4, 4, 4, 4, 4, 4, 4, 4, 4, 4, 4, 4, 4, 4, 3, 4;3,9375;4;4;4;4;4;4;4;4;4;4;4;4;4;4;3;4;;;;;16;0,25;0;0;0;0,25;
MOP4;ja;Robert Clark ( March 14, born 1987 ) is an American actor .;10;4, 4, 4, 4, 4, 4, 4, 4, 4, 4, 4, 4, 2, 4, 3, 2;3,6875;4;4;4;4;4;4;4;4;4;4;4;4;2;4;3;2;;;;;16;0,704154339;0;0;0;0,169631855;
MOP4;es;Satiacum was convicted , but the Supreme Court of the State of Washington overturned the conviction .;15;4, 4, 4, 4, 4, 4, 4, 4, 4, 4, 4, 3, 4, 4, 2, 4;3,8125;4;4;4;4;4;4;4;4;4;4;4;3;4;4;2;4;;;;;16;0,543905629;0;0;0,288675135;0,276644387;
MOP4;ja;Series is based on the novel written by Diana Gabaldon of  Outlander  .;12;3, 3, 3, 4, 3, 3, 3, 2, 4, 2, 3, 3, 2, 2, 1;2,733333333;3;3;3;4;3;3;3;2;4;2;3;3;2;2;1;;;;;;15;0,798808637;0,5;0,534522484;0,603022689;0,158296021;
MOP4;no;She was the 2007-08 president of the National Conference of Democratic Mayors .;12;4, 4, 4, 4, 4, 4, 4, 4, 4, 4, 4, 4, 4, 3, 4;3,933333;4;4;4;4;4;4;4;4;4;4;4;4;4;3;4;;;;;;15;0,2581989;0;0;0;0,2581989;
MOP4;ja;She was the People's Party for the chair of party democracy and freedom from March 29 1969 until March 15, 1975 .;21;1, 3, 4, 3, 2, 4, 4, 1, 1, 4, 2, 2, 4, 2, 1, 2, 3, 2;2,5;1;3;4;3;2;4;4;1;1;4;2;2;4;2;1;2;3;2;;;18;1,150447483;1,258305739;1,281739889;1,240112409;0,060612658;
MOP4;no;Since she was already finished composing enough material for two albums , she sent them to a meeting to plan her debut.;21;4, 4, 1, 1, 4, 4, 4, 3, 4, 3, 2, 4, 2, 4, 3, 3;3,125;4;4;1;1;4;4;4;3;4;3;2;4;2;4;3;3;;;;;16;1,087811;1,732051;1,356203;1,193416;0,07950933;
MOP4;ja;Since then , I've sold 1.36 million copies in the UK .;10;4, 4, 3, 4, 4, 4, 4, 4, 4, 4, 4, 4, 4, 4, 4, 4, 4, 2;3,833333333;4;4;3;4;4;4;4;4;4;4;4;4;4;4;4;4;4;2;;;18;0,514495755;0,5;0,353553391;0,288675135;0,264495755;
MOP4;zh;Slightly more complex hard wood pallets, plastic pallets and metal pallets can be canceled from all sides .;17;2, 4, 4, 3, 3, 3, 2, 3, 3, 3, 3, 3, 3, 3, 4, 3, 1;2,941176471;2;4;4;3;3;3;2;3;3;3;3;3;3;3;4;3;1;;;;17;0,747545002;0,957427108;0,755928946;0,603022689;0,153928162;
MOP4;en;Solemnity does not suit them and fanatical monomanias are unimaginable in this context .;13;4, 3, 3, 4, 4, 1, 4, 1, 3, 4, 4, 4, 3, 3;3,214285714;4;3;3;4;4;1;4;1;3;4;4;4;3;3;;;;;;;14;1,050902281;0,577350269;1,309307341;1,138180366;0,087278085;
MOP4;es;Solemnity monomanias uncongenial and fans are unimaginable in this context.;10;3, 2, 4, 1, 2, 3, 4, 2, 1, 1, 2, 1, 3, 1, 3;2,2;3;2;4;1;2;3;4;2;1;1;2;1;3;1;3;;;;;;15;1,082325539;1,290994449;1,060660172;1,114640858;0,00960289;
MOP4;es;Sonora () officially Free and Sovereign State of Sonora ( ) is one of 31 states with the Federal District, comprise the 32 federative entities of Mexico .;24;1, 3, 4, 4, 1, 2, 1, 1, 2, 2, 4, 3, 2;2,307692308;1;3;4;4;1;2;1;1;2;2;4;3;2;;;;;;;;13;1,182131929;1,414213562;1,356202682;1,23091491;0,089945827;
MOP4;es;South of Shadwell Basin starting from the west :;8;3, 4, 4, 1, 4, 4, 3, 1, 4, 2, 2, 1, 4, 3, 3;2,866666667;3;4;4;1;4;4;3;1;4;2;2;1;4;3;3;;;;;;15;1,187233679;1,414213562;1,309307341;1,288057029;0,093791551;
MOP4;en;South of Shadwell Basin starting from the west :;8;3, 2, 1, 3, 4, 1, 4, 2, 3, 1, 2, 3, 2, 4, 2;2,466666667;3;2;1;3;4;1;4;2;3;1;2;3;2;4;2;;;;;;15;1,060098827;0,957427108;1,195228609;1,083624669;0,016190982;
MOP4;no;"Spence married in 1958 ; She and her husband, a dentist ,";10;2, 1, 1, 3, 3, 3, 2, 4, 2, 3, 4, 1, 1, 2, 2, 1;2,1875;2;1;1;3;3;3;2;4;2;3;4;1;1;2;2;1;;;;;16;1,046821;0,9574271;1,06066;1,083625;0,02222438;
MOP4;en;Stow Creek dates back to January 19 , 1748 , when it was formed as one of six precincts in the newly created Cumberland County .;23;4, 4, 4, 4, 4, 4, 4, 4, 4, 4, 4, 4, 4, 4, 4, 4, 3, 4;3,944444444;4;4;4;4;4;4;4;4;4;4;4;4;4;4;4;4;3;4;;;18;0,23570226;0;0;0;0,23570226;
MOP4;es;Such alternative description of QCD physical could provide new methods to calculate many observables more efficiently .;16;1, 3, 1, 1, 4, 2, 4, 2, 3, 2, 4, 2, 2, 2, 3, 1;2,3125;1;3;1;1;4;2;4;2;3;2;4;2;2;2;3;1;;;;;16;1,078192933;1;1,281739889;1,164500153;0,003624829;
MOP4;zh;Take also used to support the music track KIDZ from their 2010 album progress .;12;4, 3, 3, 4, 3, 2, 2, 3, 4, 1, 1, 2, 3, 1, 2, 4, 4;2,705882353;4;3;3;4;3;2;2;3;4;1;1;2;3;1;2;4;4;;;;17;1,104802351;0,577350269;0,755928946;1,07308674;0,044703524;
MOP4;ja;The ( born November 12, 1952 ) , Richard Hargrave Colless is a member of the KMT Australian politicians and the Australian New South Wales Parliament .;23;2, 4, 2, 4, 2, 2, 1, 3, 3, 4, 2, 4, 2, 2, 1, 4, 1;2,529411765;2;4;2;4;2;2;1;3;3;4;2;4;2;2;1;4;1;;;;17;1,124591429;1,154700538;1,069044968;1,055289706;0,064492602;
MOP4;en;The 2010 Scottish Cup Final was the 125th final of the Scotland's most prestigious football knockout competition , the Scottish Cup .;20;3, 4, 1, 4, 3, 3, 2, 4, 4, 1, 1, 4, 3, 3, 4, 1, 3, 4;2,888888889;3;4;1;4;3;3;2;4;4;1;1;4;3;3;4;1;3;4;;;18;1,182663439;1,414213562;1,069044968;1,267304465;0,040379215;
MOP4;no;The Anglo -saksiske building was originally 34 feet wide by 38 feet long, and was probably divided into two rooms.;19;4, 4, 4, 4, 4, 4, 4, 4, 4, 4, 4, 4, 4, 4, 3, 3;3,875;4;4;4;4;4;4;4;4;4;4;4;4;4;4;3;3;;;;;16;0,341565;0;0;0;0,341565;
MOP4;no;The change came after INN added HD capabilities to its centralized production studios.;13;4, 4, 4, 4, 4, 4, 4, 4, 4, 4, 4, 4, 4, 3, 4;3,933333;4;4;4;4;4;4;4;4;4;4;4;4;4;3;4;;;;;;15;0,2581989;0;0;0;0,2581989;
MOP4;no;The Committee has received, discussed and manuscripts sent out for critical review .;12;1, 4, 4, 3, 3, 2, 2, 2, 4, 2, 1, 4, 1, 4, 4;2,733333;1;4;4;3;3;2;2;2;4;2;1;4;1;4;4;;;;;;15;1,222799;1,414214;1,06066;1,154701;0,02450991;
MOP4;en;The Committee received , discussed , and sent manuscripts out for critical review .;11;4, 4, 4, 4, 4, 4, 4, 4, 4, 4, 4, 4, 4, 4, 3;3,933333333;4;4;4;4;4;4;4;4;4;4;4;4;4;4;3;;;;;;15;0,25819889;0;0;0;0,25819889;
MOP4;zh;The department has opened trade three -month and six -month futures dollar / CRCKZT exchange rate and KASE index .;16;1, 2, 1, 4, 2, 1, 1, 1, 2, 3, 1, 1, 4, 1, 2, 4, 4;2,058823529;1;2;1;4;2;1;1;1;2;3;1;1;4;1;2;4;4;;;;17;1,248528546;1,414213562;1,060660172;0,984731928;0,166203007;
MOP4;en;The different moments of primitive accumulation distribute themselves now , more or less in chronological order , particularly over Spain , Portugal , Holland , France , and England .;23;2, 2, 4, 1, 2, 4, 3, 4, 4, 3, 3, 3, 2, 4, 2, 1;2,75;2;2;4;1;2;4;3;4;4;3;3;3;2;4;2;1;;;;;16;1,064581295;1,258305739;1,164964745;0,99620492;0,067332332;
MOP4;es;The doctrine merges Israeli counterterrorism tactics with advanced theories Fixing Broken Windows by criminologist George L. Kelling and James Q sociologist . Wilson.;22;3, 1, 3, 3, 1, 1, 1, 1, 4, 4, 2, 2, 3, 3, 2, 2;2,25;3;1;3;3;1;1;1;1;4;4;2;2;3;3;2;2;;;;;16;1,064581295;1;1,035098339;1,193416283;0,074147513;
MOP4;es;The early development of children's literature , before printing was invented , it is difficult to trace.;15;1, 2, 2, 1, 4, 2, 4, 4, 3, 4, 4, 3, 4, 2, 2, 1, 2;2,647058824;1;2;2;1;4;2;4;4;3;4;4;3;4;2;2;1;2;;;;17;1,169464432;0,577350269;1,309307341;1,193416283;0,023041424;
MOP4;es;The European Court of Human Rights ( ECHR) said on December 4, 2008 , the legality of the ban.;17;2, 2, 1, 3, 2, 2, 3, 1, 2, 2, 2, 1, 2, 4, 1;2;2;2;1;3;2;2;3;1;2;2;2;1;2;4;1;;;;;;15;0,845154255;0,816496581;0,755928946;0,668557923;0,20464164;
MOP4;no;The highway began on US 62 south of Prairie Grove and drove south to a factory.;16;2, 3, 1, 4, 2, 3, 1, 4, 4, 3, 1, 4, 3, 4, 1, 1;2,5625;2;3;1;4;2;3;1;4;4;3;1;4;3;4;1;1;;;;;16;1,263263;1,290994;1,195229;1,230915;0,07494992;
MOP4;es;The Interactive Products Group , with a workforce of 95, had his own animators , art department , and engineers .;17;4, 4, 4, 2, 4, 3, 3, 4, 4, 4, 4, 4, 4, 4, 3, 3, 4, 1;3,5;4;4;4;2;4;3;3;4;4;4;4;4;4;4;3;3;4;1;;;18;0,857492926;1;0,755928946;0,651338947;0,238353738;
MOP4;en;The race was stopped after 20 laps due to an accident involving Niklas Ajo .;14;4, 4, 4, 4, 4, 4, 4, 4, 4, 4, 4, 4, 4, 4, 4, 3, 4;3,941176471;4;4;4;4;4;4;4;4;4;4;4;4;4;4;4;3;4;;;;17;0,242535625;0;0;0;0,242535625;
MOP4;en;The reviews were formally brought to an end in 1967 by the Local Government ( Termination of Reviews ) Act 1967 , which dissolved the Commission .;23;4, 4, 4, 3, 4, 4, 3, 3, 4, 4, 4, 3, 1, 4;3,5;4;4;4;3;4;4;3;3;4;4;4;3;1;4;;;;;;;14;0,854850414;0,5;0,51754917;0,492365964;0,36248445;
MOP4;en;The series is based on the  Outlander  novels written by Diana Gabaldon .;12;4, 4, 4, 4, 4, 4, 4, 4, 4, 4, 4, 4, 4, 4, 3;3,933333333;4;4;4;4;4;4;4;4;4;4;4;4;4;4;3;;;;;;15;0,25819889;0;0;0;0,25819889;
MOP4;zh;The series is based on the book,  Outlander  novels??????East .;9;2, 1, 1, 1, 2, 3, 1, 1, 1, 1, 3, 2, 2, 2, 4, 1;1,75;2;1;1;1;2;3;1;1;1;1;3;2;2;2;4;1;;;;;16;0,930949336;0,5;0,755928946;0,792961461;0,186002993;
MOP4;zh;The siliceous quartz and different color from white to pale olive gray.;12;1, 4, 1, 1, 3, 2, 1, 2, 2, 1, 2, 3, 1, 1, 1, 4;1,875;1;4;1;1;3;2;1;2;2;1;2;3;1;1;1;4;;;;;16;1,087811258;1,5;1,125991626;0,99620492;0,112850002;
MOP4;en;The socks include a design that features anatomically placed cushioning and an Achilles protector .;14;4, 4, 4, 4, 4, 4, 4, 4, 4, 4, 4, 4, 4, 4, 4, 3;3,9375;4;4;4;4;4;4;4;4;4;4;4;4;4;4;4;3;;;;;16;0,25;0;0;0;0,25;
MOP4;es;The son of William T. Lesley Lesley was sheriff and a member of the Constitutional Convention of 1885 Florida.;19;1, 1, 4, 4, 4, 3, 4, 4, 4, 4, 3, 4, 2, 4;3,285714286;1;1;4;4;4;3;4;4;4;4;3;4;2;4;;;;;;;14;1,138728807;1,732050808;1,356202682;1,154700538;0,015971731;
MOP4;zh;The station can also be seen in the chapter about the channel 6 and the high-definition digital channel 785 .;19;4, 1, 4, 4, 2, 3, 4, 3, 4, 1, 1, 3, 2, 2, 4, 3, 2, 4, 2;2,789473684;4;1;4;4;2;3;4;3;4;1;1;3;2;2;4;3;2;4;2;;19;1,134261746;1,5;1,125991626;1,267304465;0,012985599;
MOP4;no;The tail of a traditional lionhead can be fully separated , partially separated , or webbed .;14;4, 3, 4, 3, 4, 4, 4, 4, 4, 4, 4, 4, 4, 4, 4, 4, 1, 4;3,722222;4;3;4;3;4;4;4;4;4;4;4;4;4;4;4;4;1;4;;;18;0,7519039;0,5773503;0,46291;0,3892495;0,4103389;
MOP4;no;The two horses ran head-to -head down the stretch with a certain Dr Devious go ahead near the wire to win by a short head.;24;2, 3, 2, 3, 1, 3, 1, 4, 1, 4, 2, 4, 1, 3;2,428571;2;3;2;3;1;3;1;4;1;4;2;4;1;3;;;;;;;14;1,157868;0,5773503;1,06066;1,167748;0,009879969;
MOP4;zh;Their first title ,  Home , released praise on September 28, 1999 , and successfully sold .;13;1, 2, 2, 2, 2, 4, 4, 1, 1, 4, 1, 3, 2;2,230769231;1;2;2;2;2;4;4;1;1;4;1;3;2;;;;;;;;13;1,165750556;0,5;1,164964745;1,215431087;0,084703907;
MOP4;zh;Their name , talangpaz, meaning  rock or boulder , which evokes a religious house, they built on the rock.;16;4, 3, 1, 1, 3, 3, 1, 1, 2, 1, 4, 2, 1, 1, 2, 2, 1;1,941176471;4;3;1;1;3;3;1;1;2;1;4;2;1;1;2;2;1;;;;17;1,088036548;1,5;1,246423455;1,193416283;0,045856871;
MOP4;ja;Then , by lowering , the fare of SpiceJet again was followed by , Jet Airways plans to attract more passengers .;18;1, 2, 2, 1, 2, 1, 1, 1, 1, 1, 1, 1, 1, 2, 4, 2;1,5;1;2;2;1;2;1;1;1;1;1;1;1;1;2;4;2;;;;;16;0,816496581;0,577350269;0,51754917;0,452267017;0,34768935;
MOP4;en;There , he was a student DJ and studied journalism .;9;2, 3, 4, 2, 4, 1, 2, 4, 4, 4, 2, 4, 4, 2, 4, 4;3,125;2;3;4;2;4;1;2;4;4;4;2;4;4;2;4;4;;;;;16;1,087811258;0,957427108;1,164964745;1,12815215;0,021589134;
MOP4;no;There are several denticles on the tail behind the spikes , and small individuals also have a bead backbone in the center of the plate.;24;1, 2, 3, 4, 2, 3, 2, 4, 4, 2, 1, 4, 4, 3, 2, 3, 4, 2;2,777778;1;2;3;4;2;3;2;4;4;2;1;4;4;3;2;3;4;2;;;18;1,060275;1,290994;1,06066;1,154701;0,004306327;
MOP4;ja;There is no specific genre of art and his music , but it is sometimes called Horrorpunk .;16;3, 1, 4, 3, 1, 3, 4, 3, 4, 3, 1, 4, 3, 4, 2;2,866666667;3;1;4;3;1;3;4;3;4;3;1;4;3;4;2;;;;;;15;1,125462868;1,258305739;1,164964745;1,193416283;0,018080882;
MOP4;es;There, he was a student DJ and studied journalism .;9;4, 4, 3, 3, 4, 4, 4, 4, 4, 4, 4, 4, 4, 1;3,642857143;4;4;3;3;4;4;4;4;4;4;4;4;4;1;;;;;;;14;0,841897386;0,577350269;0,46291005;0,389249472;0,452647914;
MOP4;es;Therefore, it is probably time assigned to a new , yet - to-be- named subfamily.;13;1, 3, 1, 1, 1, 3, 1, 2, 1, 1, 4, 1, 2, 3, 3, 3;1,9375;1;3;1;1;1;3;1;2;1;1;4;1;2;3;3;3;;;;;16;1,062622542;1;0,916125381;1,07308674;0,011720261;
MOP4;en;They are perceived/misconceived to severely damage hard terrain like asphalt pavement , but , actually , often have significantly lower ground pressures than equivalent or lighter wheeled vehicles .;25;1, 3, 4, 4, 4, 3, 3, 3, 4, 4, 2, 4, 4, 1, 1, 2, 2;2,882352941;1;3;4;4;4;3;3;3;4;4;2;4;4;1;1;2;2;;;;17;1,166316474;1,414213562;0,991031209;0,965307299;0,028912135;
MOP4;en;This decoration had the distinction of being conferred exclusively to females until 1976 .;13;4, 4, 4, 4, 4, 4, 4, 4, 4, 4, 4, 4, 4, 4, 4, 2, 2;3,764705882;4;4;4;4;4;4;4;4;4;4;4;4;4;4;4;2;2;;;;17;0,664211164;0;0;0;0,664211164;
MOP4;zh;This decoration has been given specifically for women until the difference between the 1976 's .;14;1, 1, 4, 1, 2, 1, 2, 1, 3, 2, 1, 3, 2, 1, 4;1,933333333;1;1;4;1;2;1;2;1;3;2;1;3;2;1;4;;;;;;15;1,099783528;1,5;1,060660172;1,029857301;0,112687295;
MOP4;es;This left Hayden eight points behind Rossi in the championship with one race left to go .;16;4, 4, 4, 4, 4, 4, 4, 4, 4, 4, 4, 4, 4, 4, 3, 4;3,9375;4;4;4;4;4;4;4;4;4;4;4;4;4;4;3;4;;;;;16;0,25;0;0;0;0,25;
MOP4;es;This paper then addresses the most important question in astronomy : the stability of the Solar System , first investigated by Laplace.;20;3, 4, 4, 4, 4, 3, 4, 4, 4, 3, 4, 4, 4, 2, 4, 3, 2, 2;3,444444444;3;4;4;4;4;3;4;4;4;3;4;4;4;2;4;3;2;2;;;18;0,783823376;0,5;0,46291005;0,452267017;0,164684189;
MOP4;es;This sector has opened trading in three months and six months futures USD / KZT rate and KASE Index .;18;3, 3, 2, 2, 2, 2, 2, 2, 3, 2, 2, 3, 2, 4, 1;2,333333333;3;3;2;2;2;2;2;2;3;2;2;3;2;4;1;;;;;;15;0,723746864;0,577350269;0,46291005;0,492365964;0,243362403;
MOP4;es;This story does not hold up well under scrutiny.;9;4, 4, 4, 4, 4, 4, 4, 4, 4, 4, 4, 4, 4, 4, 4, 3, 4;3,941176471;4;4;4;4;4;4;4;4;4;4;4;4;4;4;4;3;4;;;;17;0,242535625;0;0;0;0,242535625;
MOP4;no;This temple is made of a fine-grained gray sand stone.;10;4, 4, 4, 4, 4, 4, 4, 4, 4, 4, 4, 3;3,916667;4;4;4;4;4;4;4;4;4;4;4;3;;;;;;;;;12;0,2886751;0;0;0,2886751;0,2886751;
MOP4;es;This temple is made of stone gray fine-grained sand .;9;3, 4, 4, 4, 4, 3, 4, 3, 4, 4, 3, 4, 4, 4, 4, 2;3,625;3;4;4;4;4;3;4;3;4;4;3;4;4;4;4;2;;;;;16;0,619139187;0,5;0,51754917;0,492365964;0,150331956;
MOP4;no;This wheel is powered by the heat of a candle or electric light.;13;4, 4, 4, 4, 4, 4, 4, 4, 4, 4, 4, 4, 4, 4, 4, 4, 4, 3;3,944444;4;4;4;4;4;4;4;4;4;4;4;4;4;4;4;4;4;3;;;18;0,2357023;0;0;0;0,2357023;
MOP4;ja;To make a return of Jungledyret 3, he hopes that you maintain the safety of Hugo Turn over a new leaf .;21;1, 1, 1, 1, 1, 1, 1, 2, 1, 1, 1, 1, 2, 2, 2, 3;1,375;1;1;1;1;1;1;1;2;1;1;1;1;2;2;2;3;;;;;16;0,619139187;0;0,353553391;0,288675135;0,193323874;
MOP4;ja;Topical form to treat glaucoma , It has been approved in Japan .;11;3, 1, 4, 4, 2, 3, 1, 3, 2, 1, 2, 2, 1, 2, 4, 3;2,375;3;1;4;4;2;3;1;3;2;1;2;2;1;2;4;3;;;;;16;1,087811258;1,414213562;1,187734939;1,07308674;0,036908977;
MOP4;no;Under Stimson Doctrine , the United States and under similar doctrines , the legitimacy of the Soviet occupation of the Baltic States was never recognized .;23;2, 1, 3, 2, 1, 3, 1, 2, 3, 2, 2, 2, 2, 2, 1, 3, 4;2,117647;2;1;3;2;1;3;1;2;3;2;2;2;2;2;1;3;4;;;;17;0,8574929;0,8164966;0,834523;0,7385489;0,1537614;
MOP4;zh;Verrinder county championship in 1974 made his first-class debut for Surrey against Middlesex .;13;4, 4, 2, 2, 4, 1, 2, 4, 3, 4, 4, 3, 2, 1, 3, 3, 4;2,941176471;4;4;2;2;4;1;2;4;3;4;4;3;2;1;3;3;4;;;;17;1,088036548;1,154700538;1,246423455;1,083624669;0,03742632;
MOP4;es;Verrinder made his first-class debut for Surrey against Middlesex in the 1974 County Championship .;14;4, 4, 4, 4, 4, 4, 4, 4, 4, 4, 4, 4, 4, 4, 4, 3;3,9375;4;4;4;4;4;4;4;4;4;4;4;4;4;4;4;3;;;;;16;0,25;0;0;0;0,25;
MOP4;ja;Volkswagen , was an early adopter of the restraint system passive .;10;4, 3, 1, 3, 1, 2, 3, 1, 3, 2, 2, 4, 1, 2;2,285714286;4;3;1;3;1;2;3;1;3;2;2;4;1;2;;;;;;;14;1,069044968;1,258305739;1,164964745;1,083624669;0,014579702;
MOP4;en;Was inactivated in 1963 when SAC inactivated its provisional Strategic Wings , redesignating them permanent Air Force Wings .;17;3, 4, 4, 2, 2, 3, 2, 1, 2, 3, 4, 2, 4, 1;2,642857143;3;4;4;2;2;3;2;1;2;3;4;2;4;1;;;;;;;14;1,081817762;0,957427108;1,060660172;0,984731928;0,097085834;
MOP4;es;We have established several chapters PVMA , Inc. as the profession of veterinary medicine made during the current Philippines.;18;4, 1, 1, 2, 2, 1, 3, 3, 1, 1, 1, 4, 2, 2;2;4;1;1;2;2;1;3;3;1;1;1;4;2;2;;;;;;;14;1,109400392;1,414213562;1,125991626;1,206045378;0,096644986;
MOP4;en;When Archer asked his publishers for some money to record the new songs that he had written , they terminated his contract instead .;22;4, 4, 4, 4, 4, 4, 4, 4, 4, 4, 4, 4, 4, 4, 4, 4, 4, 4, 3, 4;3,95;4;4;4;4;4;4;4;4;4;4;4;4;4;4;4;4;4;4;3;4;20;0,223606798;0;0;0;0,223606798;
MOP4;es;Williams embarked on a career, but Gerhart recovered to bring him down in the yard 12 Minnesota.;17;4, 3, 1, 1, 2, 1, 1, 2, 1, 4, 1, 2, 1, 2;1,857142857;4;3;1;1;2;1;1;2;1;4;1;2;1;2;;;;;;;14;1,099450412;1,5;1,125991626;1,164500153;0,065049741;
MOP4;es;Within days, the four decided to form their own theater company .;11;4, 4, 4, 4, 4, 4, 4, 4, 4, 4, 4, 4, 4, 4, 4, 4, 4, 2;3,888888889;4;4;4;4;4;4;4;4;4;4;4;4;4;4;4;4;4;2;;;18;0,471404521;0;0;0;0,471404521;
MOP4;zh;No punishment and fail or refuse to recite the pledge .The commitment is made voluntarily , and no penalties for violations prescribed . ;20;2, 3, 1, 3, 1, 1, 3, 1, 1, 1, 1, 2, 2, 2, 1, 1;1,625;2;3;1;3;1;1;3;1;1;1;1;2;2;2;1;1;;;;;16;0,806225775;0,957427108;0,991031209;0,887625365;0,019194531;4
MOP4;zh;Equilibrium analysis and optimization and efficiency in exchange derivatives life and death and Say's Law .;15;2, 2, 1, 1, 2, 1, 3, 2, 2, 1, 2, 3, 3, 2, 1;1,866666667;2;2;1;1;2;1;3;2;2;1;2;3;3;2;1;;;;;;15;0,743223353;0,577350269;0,707106781;0,717740563;0,016331172;4
MOP4;en;The most common orthography of the word consists of the characters  shin  /kami ( ç¥ž ) , meaning deity  or  something divine , and bu  ( æ­¦ ) , denoting military , chivalry or arms .;22;3, 3, 2, 4, 3, 3, 1, 3, 3, 3, 4, 4, 1, 3, 4, 3, 4, 2;2,944444444;3;3;2;4;3;3;1;3;3;3;4;4;1;3;4;3;4;2;;;18;0,937595311;0,816496581;0,88640526;0,852802865;0,00888653;3
MOP4;en;Throughout his career , he produced hundreds of humorous , puzzling and provocative tableaux that challenge and mock preconceptions and taboos .;19;4, 4, 4, 3, 4, 4, 3, 4, 4, 3, 4, 3, 4, 4, 3;3,666666667;4;4;4;3;4;4;3;4;4;3;4;3;4;4;3;;;;;;15;0,487950036;0,5;0,46291005;0,492365964;0,007565575;3
MOP4;en;The skulls were hand-crafted and required a lot of preparation , so it was one of the first things started for the episode's production .;23;4, 4, 4, 4, 3, 3, 4, 4, 3, 4, 4, 4, 3, 4, 4, 4, 4;3,764705882;4;4;4;4;3;3;4;4;3;4;4;4;3;4;4;4;4;;;;17;0,437237316;0;0,46291005;0,452267017;0,020500392;3
MOP4;en;According to the 2010 census , the township has a total area of , of which ( or 99.94 % ) is land and ( or 0.06 % ) is water .;23;1, 1, 3, 3, 2, 2, 2, 4, 2, 2, 3, 2, 2, 3, 2;2,266666667;1;1;3;3;2;2;2;4;2;2;3;2;2;3;2;;;;;;15;0,798808637;1,154700538;1,035098339;0,866025404;0,033241658;3
MOP4;en;No penalties attach to a failure or refusal to recite the pledge .The pledge is made voluntarily and no penalties are imposed for noncompliance . ;23;4, 4, 3, 3, 4, 4, 3, 1, 3, 4, 4, 4, 2, 2;3,214285714;4;4;3;3;4;4;3;1;3;4;4;4;2;2;;;;;;;14;0,974961256;0,577350269;1,035098339;0,900336637;0,074624619;3
MOP4;en;He gained fame for healing paralytics and for his prophetic abilities , obtained through a state of religious ecstasy .;18;3, 3, 4, 4, 3, 3, 3, 4, 2, 3, 4, 3, 3, 3, 4;3,266666667;3;3;4;4;3;3;3;4;2;3;4;3;3;3;4;;;;;;15;0,59361684;0,577350269;0,51754917;0,621581561;0,00552785;3
MOP4;en;Equilibrium analysis and its derivatives of optimization and efficiency in exchange live or die with Say's law .;17;2, 4, 4, 1, 1, 1, 3, 2, 3, 4, 3, 3, 3, 2, 3, 2, 2, 4;2,611111111;2;4;4;1;1;1;3;2;3;4;3;3;3;2;3;2;2;4;;;18;1,036900863;1,5;1,281739889;1,164500153;0,006124456;3
MOP4;en;Jason Stewart ( born 1971 ) is an American film and television editor best known for his work on independent films and reality television .;22;4, 4, 4, 4, 4, 4, 4, 4, 4, 4, 4, 4, 4;4;4;4;4;4;4;4;4;4;4;4;4;4;4;;;;;;;;13;0;0;0;0;0;3
MOP4;en;However , these rights and privileges ( see Dhimmitude ) , including freedom of worship and religious organisation , were often established in principle but seldom corresponded to reality .;24;4, 3, 4, 4, 3, 3, 4, 2, 4, 4, 3, 4, 4, 3, 4, 4, 3;3,529411765;4;3;4;4;3;3;4;2;4;4;3;4;4;3;4;4;3;;;;17;0,624264273;0,5;0,744023809;0,674199862;0,015676201;3
MOP4;en;After investigation , he exonerated Ninian Edwards and his vendors , and placed the blame for the meat problem solely on subâ€“contractors .;20;1, 4, 4, 4, 4, 4, 3, 4, 4, 4, 4, 4, 4, 4, 4, 4, 4, 4;3,777777778;1;4;4;4;4;4;3;4;4;4;4;4;4;4;4;4;4;4;;;18;0,732084498;1,5;1,069044968;0,887625365;0,042512171;3
MOP4;en;The median income for a household in the town was $ 24,583 , and the median income for a family was $ 23,214 .;20;3, 3, 2, 4, 4, 4, 3, 4, 3, 4, 4, 3, 4, 3, 4, 4, 4;3,529411765;3;3;2;4;4;4;3;4;3;4;4;3;4;3;4;4;4;;;;17;0,624264273;0,816496581;0,744023809;0,668557923;0,015676201;3
MOP4;zh;The most common spelling of the word by the character new /  gods  ( gods ) , meaning  God  or  sacred  and no ( Wu ) , refers to the military , knights or arm.;25;2, 1, 2, 3, 4, 2, 2, 3, 2, 4, 2, 2, 3, 4, 3;2,6;2;1;2;3;4;2;2;3;2;4;2;2;3;4;3;;;;;;15;0,91025899;0,816496581;0,916125381;0,900336637;0,033200971;3
MOP4;zh;Logan scrub Western claims investigation and verification of its accuracy , and efforts to eradicate fraud and dishonesty .;17;1, 2, 4, 2, 1, 1, 2, 4, 2, 2, 1, 2, 3, 2, 2, 3, 2, 2;2,111111111;1;2;4;2;1;1;2;4;2;2;1;2;3;2;2;3;2;2;;;18;0,90025414;1,258305739;1,246423455;1,044465936;0,057172968;3
MOP4;zh;He is an urgent ...... and discriminat ... logicians  and lawyers ' habitual calm and cautious . ;12;1, 1, 1, 2, 1, 2, 3, 1, 3, 1, 1, 1, 1, 2, 2, 2, 2, 1;1,555555556;1;1;1;2;1;2;3;1;3;1;1;1;1;2;2;2;2;1;;;18;0,704792186;0,5;0,755928946;0,797724035;0,022646242;3
MOP4;zh;Lansky believes that Siemens and women's clothing from her glamorous kick ass , or maybe until the club's clothing and high heels , the .;21;1, 1, 1, 1, 1, 1, 1, 1, 1, 1, 1, 1, 1, 1, 1, 1, 2;1,058823529;1;1;1;1;1;1;1;1;1;1;1;1;1;1;1;1;2;;;;17;0,242535625;0;0;0;0,242535625;3
MOP4;zh;He played for three seasons in the NFL , and two people with the Seattle Seahawks and the Miami Dolphins .;19;1, 2, 2, 1, 1, 2, 1, 2, 2, 1, 1, 2, 1, 2, 1, 3, 3, 3;1,722222222;1;2;2;1;1;2;1;2;2;1;1;2;1;2;1;3;3;3;;;18;0,751903902;0,577350269;0,534522484;0,522232968;0,122751032;3
MOP4;zh;Jason Stewart ( born in 1971 ) is an American film and television editor, best known for his independent film and television reality show work.;23;3, 4, 4, 4, 4, 4, 4, 4, 4, 4, 4, 3, 4, 4, 4;3,866666667;3;4;4;4;4;4;4;4;4;4;4;3;4;4;4;;;;;;15;0,351865775;0,5;0,353553391;0,389249472;0,023668033;3
MOP4;zh;In First Press Limited Edition comes with a special black and gold case and features are disease - Introduction and  obstacles - heaven .;20;1, 2, 1, 2, 1, 1, 2, 3, 1, 2, 3, 1, 2, 2, 2, 2, 1, 2;1,722222222;1;2;1;2;1;1;2;3;1;2;3;1;2;2;2;2;1;2;;;18;0,669113158;0,577350269;0,744023809;0,778498944;0,014016893;3
MOP4;zh;They eat leaves , and sometimes fruits, flowers and buds , and bark.;11;4, 4, 3, 3, 4, 4, 3, 3, 3, 2, 4, 4, 4, 3;3,428571429;4;4;3;3;4;4;3;3;3;2;4;4;4;3;;;;;;;14;0,646206173;0,577350269;0,534522484;0,668557923;0,022351751;3
MOP4;zh;The median income for a household in the town was $ 24,583 , and the median income for a family is $ 23,214 .;20;4, 3, 4, 3, 4, 4, 4, 4, 4, 4, 4, 4, 4, 4, 4, 4, 4, 4;3,888888889;4;3;4;3;4;4;4;4;4;4;4;4;4;4;4;4;4;4;;;18;0,323380833;0,577350269;0,46291005;0,389249472;0,018184192;3
MOP4;zh;Different moments of primitive accumulation , distribution and now own more or less chronological order , particularly in Spain, Portugal, the Netherlands , France and the United Kingdom.;25;1, 1, 2, 3, 2, 1, 3, 3, 2, 1, 1, 2;1,833333333;1;1;2;3;2;1;3;3;2;1;1;2;;;;;;;;;12;0,83484711;0,957427108;0,9258201;0,83484711;0,040747926;3
MOP4;ja;Throughout his career , I have created him to challenge , hundreds of taboo and prejudice and mock tableau provocative and humorous inexplicable .;21;2, 1, 1, 2, 1, 1, 1, 1, 1, 1, 1, 1, 2, 1, 1, 1, 1;1,176470588;2;1;1;2;1;1;1;1;1;1;1;1;2;1;1;1;1;;;;17;0,392952624;0,577350269;0,46291005;0,389249472;0,021086712;3
MOP4;ja;He is  discriminat ... logician and acute ...  and  attention and coolness habitual  of lawyers .;13;2, 2, 1, 1, 2, 1, 1, 1, 1, 2, 1, 1, 1, 1, 1, 1, 1;1,235294118;2;2;1;1;2;1;1;1;1;2;1;1;1;1;1;1;1;;;;17;0,437237316;0,577350269;0,51754917;0,492365964;0,020500392;3
MOP4;ja;According to the census of 2010 , the town has a total area of ( 99.94 percent ) or is water is ( or 0.06% ) and land .;23;2, 2, 1, 3, 1, 4, 2, 2, 1, 3, 2, 2, 1, 2;2;2;2;1;3;1;4;2;2;1;3;2;2;1;2;;;;;;;14;0,877058019;0,816496581;0,991031209;0,900336637;0,023278618;3
MOP4;ja;Led to Raymond , military march skirmish and Turks , the Anatolia between Amasya and Merzifon and a Kastamonu .;17;1, 1, 1, 2, 1, 1, 1, 1, 1, 1, 1, 1, 1, 1;1,071428571;1;1;1;2;1;1;1;1;1;1;1;1;1;1;;;;;;;14;0,267261242;0,5;0,353553391;0,288675135;0,021413893;3
MOP4;ja;He said for the state to correct its position , and might ask to prepare the company for the ship that sank .;21;2, 1, 3, 3, 3, 3, 3, 2, 3, 2, 4, 2, 3, 1, 3, 2, 2, 3;2,5;2;1;3;3;3;3;3;2;3;2;4;2;3;1;3;2;2;3;;;18;0,785905248;0,957427108;0,755928946;0,792961461;0,030591333;3
MOP4;ja;In exchange for the equilibrium analysis , I die in Say's Law or derivative live its efficiency and optimization .;18;2, 1, 1, 1, 3, 1, 2, 2, 1, 1, 1, 1, 1, 1, 1, 1, 1;1,294117647;2;1;1;1;3;1;2;2;1;1;1;1;1;1;1;1;1;;;;17;0,587867532;0,5;0,744023809;0,668557923;0,029345868;3
MOP4;ja;He returned to Darlington , but was released was the Cup and the League of 49 for the club , in the summer of 2007 .;23;2, 1, 1, 1, 1, 3, 4, 3, 1, 1, 1, 3, 2, 3, 2, 2;1,9375;2;1;1;1;1;3;4;3;1;1;1;3;2;3;2;2;;;;;16;0,997914492;0,5;1,195228609;1,114640858;0,073697214;3
MOP4;ja;The Limited Edition , which comes with gold case and special black , and includes both  Failure - Intro  and  Failure - heaven  .;19;2, 2, 3, 3, 4, 3, 1, 3, 2, 3, 2, 3, 2, 2, 3, 4, 1, 3, 3;2,578947368;2;2;3;3;4;3;1;3;2;3;2;3;2;2;3;4;1;3;3;;19;0,837707817;0,577350269;0,916125381;0,792961461;0,036766816;3
MOP4;ja;The median income for a household in the town was $ 24,583 , and the median income for a family was $ 23,214 .;20;3, 4, 4, 4, 4, 4, 4, 4, 4, 3, 4, 3, 4, 4, 4;3,8;3;4;4;4;4;4;4;4;4;3;4;3;4;4;4;;;;;;15;0,414039336;0,5;0,353553391;0,452267017;0,024489674;3
MOP4;es;The most common spelling of the word is composed of the characters  shin /  kami  (ç¥ž) , meaning  deity  and  something divine  and bu (æ­¦) , denoting military , cavalry or arms .;25;2, 2, 4, 3, 4, 1, 3, 3, 2, 3, 4, 4, 2, 4, 2, 4, 2;2,882352941;2;2;4;3;4;1;3;3;2;3;4;4;2;4;2;4;2;;;;17;0,992619825;0,957427108;1,035098339;0,99620492;0,002189423;3
MOP4;es;Simons said that Lansky and his female backup ' attire was  glamorous kick - ass - or - maybe a- sides -VA- club dresses and heels .;21;3, 2, 1, 1, 4, 2, 1, 2, 4, 2, 1, 2, 2, 2, 2, 2, 1, 1;1,944444444;3;2;1;1;4;2;1;2;4;2;1;2;2;2;2;2;1;1;;;18;0,937595311;0,957427108;1,069044968;1,083624669;0,00888653;3
MOP4;es;Analysis of equilibrium and its derivatives of the optimization and efficiency in the exchange of live or die with Say's Law .;21;3, 2, 2, 4, 1, 4, 3, 2, 2, 2, 1, 2, 1, 3, 2, 1, 1, 2;2,111111111;3;2;2;4;1;4;3;2;2;2;1;2;1;3;2;1;1;2;;;18;0,963381843;0,957427108;1,060660172;0,984731928;0,017689001;3
MOP4;es;He returned to Darlington, but was released in the summer of 2007 , having made 49 league and cup appearances for the club .;22;4, 4, 3, 4, 4, 4, 3, 4, 3, 3, 4, 4, 3, 4, 4, 3, 4;3,647058824;4;4;3;4;4;4;3;4;3;3;4;4;3;4;4;3;4;;;;17;0,492592183;0,5;0,46291005;0,492365964;0,004642147;3
MOP4;es;The characteristics of the malls over 20 anchors and over 200 specialty shops and a variety of theme restaurants, casual restaurants and local art leisure .;25;3, 2, 3, 2, 3, 2, 2, 4, 1, 2, 1, 2, 3, 2, 2, 2, 1, 2;2,166666667;3;2;3;2;3;2;2;4;1;2;1;2;3;2;2;2;1;2;;;18;0,785905248;0,577350269;0,744023809;0,866025404;0,011308579;3
MOP4;es;Jason Stewart (born 1971 ) is a film and television editor American known for his work in independent films and reality television .;20;2, 2, 3, 3, 4, 3, 3, 4, 3, 3, 4, 4, 4, 3, 2, 3, 3, 2;3,055555556;2;2;3;3;4;3;3;4;3;3;4;4;4;3;2;3;3;2;;;18;0,725357699;0,577350269;0,755928946;0,717740563;0,00656241;3
MOP4;es;However, these rights and privileges ( see Dhimmitude ) , including freedom of worship and religious organization, often established in principle but seldom corresponded to reality.;23;2, 4, 2, 2, 3, 3, 3, 4, 3, 4, 2, 3, 4, 3, 3, 2, 4;3;2;4;2;2;3;3;3;4;3;4;2;3;4;3;3;2;4;;;;17;0,790569415;1;0,83452296;0,792961461;0,034640469;3
MOP4;es;The first edition of the limited edition comes with a special black and gold case and has two Disorder - Intro and  Disorder - Heaven  .;22;3, 2, 4, 2, 1, 3, 3, 4, 4, 3, 1, 4, 3, 3, 2;2,8;3;2;4;2;1;3;3;4;4;3;1;4;3;3;2;;;;;;15;1,014185106;0,957427108;1,035098339;1,114640858;0,054002912;3
MOP4;es;After the investigation, which exonerated Ninian Edwards and its suppliers, and placed the blame for the problem of meat only subcontractors.;21;1, 2, 3, 2, 2, 2, 3, 3, 3, 3, 2, 3, 2, 1, 2, 1, 2;2,176470588;1;2;3;2;2;2;3;3;3;3;2;3;2;1;2;1;2;;;;17;0,727606875;0,816496581;0,707106781;0,668557923;0,023875325;3
MOP4;en;The scholar Meyer suggests that the tale of Pandu may be inspired by the much older narrative of Kalmashapada .;19;4, 4, 4, 4, 4, 4, 4, 4, 4, 4, 4, 4, 4, 3, 4, 4, 4, 4;3,944444444;4;4;4;4;4;4;4;4;4;4;4;4;4;3;4;4;4;4;;;18;0,23570226;0;0;0;0,01429774;0
MOP4;zh;Dongola is in Union County , Illinois , USA village.;8;3, 4, 2, 2, 2, 4, 2, 3, 4, 3, 3, 3, 3, 1, 3, 3, 2;2,764705882;3;4;2;2;2;4;2;3;4;3;3;3;3;1;3;3;2;;;;17;0,831370237;0,957427108;0,88640526;0,792961461;0,030521371;0
MOP4;ja;On May 7, 2013 , Burton , has announced he is to retire from international rugby .;14;2, 4, 2, 3, 3, 3, 3, 3, 3, 3, 2, 2, 4, 3, 4, 3, 3, 4;3;2;4;2;3;3;3;3;3;3;3;2;2;4;3;4;3;3;4;;;18;0,685994341;0,957427108;0,640869944;0,621581561;0,005920815;0
MOP4;es;Khasan Inalbekovich Mamtov ( , born 28 April 1984 ) is a professional football player from Russia.;14;4, 4, 4, 3, 4, 3, 2, 4, 4, 3, 3, 3, 3, 3, 3;3,333333333;4;4;4;3;4;3;2;4;4;3;3;3;3;3;3;;;;;;15;0,6172134;0,5;0,755928946;0,668557923;0,033230236;0
MOP4;es;He was the first person to show evidence that black-necked grebes breed in Britain.;14;3, 4, 4, 4, 4, 4, 4, 4, 3, 4, 3, 4, 4, 2, 4, 4;3,6875;3;4;4;4;4;4;4;4;3;4;3;4;4;2;4;4;;;;;16;0,602079729;0,5;0,353553391;0,452267017;0,031243965;0
MOP4;ja;Building of the parking lot was opened on June 1, 2013 .;11;2, 2, 4, 2, 4, 2, 2, 2, 3, 3, 2, 3, 3, 3, 1, 3, 3;2,588235294;2;2;4;2;4;2;2;2;3;3;2;3;3;3;1;3;3;;;;17;0,795206226;1;0,9258201;0,792961461;0,038603162;0
MOP4;zh;Starting in 1999 , the central bank began to implement reforms in order to meet international standards.;16;4, 2, 4, 3, 4, 4, 4, 4, 4, 4, 4, 4, 4, 3, 4, 4;3,75;4;2;4;3;4;4;4;4;4;4;4;4;4;3;4;4;;;;;16;0,577350269;0,957427108;0,744023809;0,621581561;0,033899576;0
MOP4;no;Take That also used the backing music track  Kidz  from their 2010 album Progress  .;13;3, 4, 4, 4, 4, 4, 4, 3, 4, 4, 2, 3, 3, 4, 4, 2;3,5;3;4;4;4;4;4;4;3;4;4;2;3;3;4;4;2;;;;;16;0,730296743;0,5;0,46291005;0,668557923;0,084090571;0
MOP4;no;Another method is the piston lÃ¸ftemekanismesom uses the line which barrel.;11;1, 1, 1, 1, 2, 1, 2, 1, 1, 2, 1, 1, 4, 1, 1, 1;1,375;1;1;1;1;2;1;2;1;1;2;1;1;4;1;1;1;;;;;16;0,806225775;0;0,46291005;0,452267017;0,045404852;0
MOP4;zh;At this point, Hao and Harry burst in.;8;4, 4, 4, 4, 4, 4, 4, 4, 4, 4, 4, 4, 4, 4, 4;4;4;4;4;4;4;4;4;4;4;4;4;4;4;4;4;;;;;;15;0;0;0;0;0;1
MOP4;en;Under the Stimson Doctrine , USA , and under similar doctrines , the legitimacy of the Soviet occupation of Baltic states was never recognized .;21;3, 3, 1, 4, 3, 4, 4, 2, 4, 4, 3, 2, 4, 4, 3, 4, 3, 4;3,277777778;3;3;1;4;3;4;4;2;4;4;3;2;4;4;3;4;3;4;;;18;0,894792487;1,258305739;1,069044968;0,99620492;0,036156849;1
