followup1;other1;language;length;how_natural;rating_list;merged_ratings;text;number_of_reasons;max_workers;mean_rating;std_dev
5,6,,,6,,,,,6,,,,,,,,5,,6;"


















";en;10;3, 2, 4, 4, 3, 4, 4, 4, 4, 2, 4, 4, 4, 4, 4, 4, 4, 2, 4, 3;4, 4, 3, 4, 3, 2, 4, 2, 4, 4, 3, 4, 3, 4, 1, 3;3, 2, 4, 4, 3, 4, 4, 4, 4, 2, 4, 4, 4, 4, 4, 4, 4, 2, 4, 3,4, 4, 3, 4, 3, 2, 4, 2, 4, 4, 3, 4, 3, 4, 1, 3; Espagne  served until June 1932 , when she was laid up .;20;20;3.55 2.65;0.759154654516248 1.53125335660212
,10,,,5,5,5,9,10,9,10,,6,10,10,6,7,,,6,8,9,10,5,7,9,10,10,,9,10;"


















";en;22;4, 3, 4, 4, 3, 3, 1, 2, 4, 1, 3, 2, 4, 4, 1, 2, 2, 4, 3, 3;3, 3, 4, 4, 1, 1, 2, 4, 3, 2, 3, 2, 4, 3, 1, 2;4, 3, 4, 4, 3, 3, 1, 2, 4, 1, 3, 2, 4, 4, 1, 2, 2, 4, 3, 3,3, 3, 4, 4, 1, 1, 2, 4, 3, 2, 3, 2, 4, 3, 1, 2; seven larches  ) is a town in Yamalo-Nenets Autonomous Okrug , Russia , located on the left bank of the Ob River , northwest of Salekhard .;31;20;2.85 2.05;1.08942283125661 1.46808145478878
5,6,9,7,7,6,,,5,6,7,9,9,5,5,,,5,6,10,5,5,6,5,6,6,5;"


















";zh;16;2, 2, 2, 2, 2, 4, 4, 3, 2, 2, 3, 4, 4, 1, 2, 2, 1, 3, 2, 3;2, 3, 1, 1, 4, 2, 2, 1, 1, 3, 1, 3, 4, 2, 2;2, 2, 2, 2, 2, 4, 4, 3, 2, 2, 3, 4, 4, 1, 2, 2, 1, 3, 2, 3,2, 3, 1, 1, 4, 2, 2, 1, 1, 3, 1, 3, 4, 2, 2;1972 Great Britain captain , he was the first black captain of any British national sporting side .;27;20;2.5 2.5;0.945905302926917 1.53896752812773
9,1;";;;;;;;;;;;;;;;;;;;";es;16;3;4, 4, 4, 4, 4, 4, 4, 4, 4, 4, 4, 4, 4, 4, 4, 3, 4;3,4, 4, 4, 4, 4, 4, 4, 4, 4, 4, 4, 4, 4, 4, 4, 3, 4;A 6 month follow-up after implantation of radioactive stents showed little adverse side effects in patients.;2;20;3 3.7;0,923380517
7,,,,,9,,,,7,,,,,,,,10,,;"


















";no;20;3, 4, 4, 4, 4, 3, 4, 4, 4, 2, 4, 4, 4, 4, 4, 4, 4, 3, 4, 4;4, 4, 4, 4, 4, 4, 4, 4, 4, 4, 4, 4, 4, 4, 3, 4;3, 4, 4, 4, 4, 3, 4, 4, 4, 2, 4, 4, 4, 4, 4, 4, 4, 3, 4, 4,4, 4, 4, 4, 4, 4, 4, 4, 4, 4, 4, 4, 4, 4, 3, 4;A customer in a nearby art gallery jokingly suggested that the city should have a festival to celebrate the accident.;19;20;3.75 3.55;0.550119604220181 1.09904264559757
7,9,8,9,,,,8,,10,,5,5,7,,5,,9,,,,7;"


















";es;14;3, 3, 3, 4, 4, 4, 3, 4, 3, 4, 2, 2, 4, 2, 4, 2, 4, 4, 4, 2;3, 4, 4, 4, 1, 4, 3, 2, 2, 4, 4, 4, 2, 4, 3, 3, 1;3, 3, 3, 4, 4, 4, 3, 4, 3, 4, 2, 2, 4, 2, 4, 2, 4, 4, 4, 2,3, 4, 4, 4, 1, 4, 3, 2, 2, 4, 4, 4, 2, 4, 3, 3, 1;A Mansion House at the lower limit of Woodway land was known as Gorway .;22;20;3.25 2.8;0.850696309223401 1.5078740698501
,,,,,,7,9,,,,,,,,,,9,,;"


















";es;15;4, 4, 4, 4, 4, 4, 3, 3, 4, 4, 4, 4, 4, 4, 4, 4, 4, 3, 4, 4;4, 4, 4, 4, 4, 4, 4, 4, 4, 4, 4, 4, 2, 4;4, 4, 4, 4, 4, 4, 3, 3, 4, 4, 4, 4, 4, 4, 4, 4, 4, 3, 4, 4,4, 4, 4, 4, 4, 4, 4, 4, 4, 4, 4, 4, 2, 4;A petition seeking judicial protection must be accompanied by a report from an independent auditor.;19;20;3.85 3.85;0.366347548532523 0.670820393249937
,9,5,,10,,6,5,,5,,5,,5,7,10,5,7,11,5,7,7;"















The words ""eight-create""


";no;14;4, 2, 2, 4, 3, 4, 2, 3, 4, 1, 4, 2, 4, 2, 2, 2, 2, 3, 2, 3;3, 3, 3, 3, 3, 1, 2, 1, 1, 4, 1, 4, 2, 1, 3, 3, 1;4, 2, 2, 4, 3, 4, 2, 3, 4, 1, 4, 2, 4, 2, 2, 2, 2, 3, 2, 3,3, 3, 3, 3, 3, 1, 2, 1, 1, 4, 1, 4, 2, 1, 3, 3, 1;Also in that eight - create league were Joe DiMaggio , Joe Gordon, and Stan Musial .;22;20;2.75 2.05;0.966545666958261 1.46808145478878
6,5,10,6,8,11,5,6,8,5,5,6,6,7,6,6,5,6,5,6,5,6,5,9,5,6,,,;"


sentence fragment















";en;8;3, 1, 2, 2, 2, 2, 1, 3, 2, 3, 3, 2, 1, 1, 2, 1, 1, 4, 4, 4;2, 3, 4, 2, 1, 4, 3, 2, 4, 1, 2, 1, 3, 4, 3, 4, 1, 2;3, 1, 2, 2, 2, 2, 1, 3, 2, 3, 3, 2, 1, 1, 2, 1, 1, 4, 4, 4,2, 3, 4, 2, 1, 4, 3, 2, 4, 1, 2, 1, 3, 4, 3, 4, 1, 2;and is currently held by two Labour Councillors .;28;20;2.2 1.9;1.05630936457281 1.41048703794488
8,9,7,9,8,8,,10,,,8,8,9,9,8,8,,,,5,,5,;"


















";en;14;2, 1, 3, 2, 4, 3, 4, 4, 2, 2, 1, 3, 2, 4, 4, 4, 2, 4, 2, 4;4, 4, 1, 3, 2, 1, 4, 2, 1, 2, 4, 2, 4, 2;2, 1, 3, 2, 4, 3, 4, 4, 2, 2, 1, 3, 2, 4, 4, 4, 2, 4, 2, 4,4, 4, 1, 3, 2, 1, 4, 2, 1, 2, 4, 2, 4, 2;As of November 2013 , Murkudis is now longer with Closed due to creative differences .;22;20;2.85 2.35;1.08942283125661 1.53125335660212
,,,,6,,,,,7,,,,,,5,,,,;"


















";es;9;4, 4, 4, 4, 3, 4, 4, 4, 4, 3, 4, 4, 4, 4, 4, 3, 4, 4, 4, 4;4, 4, 4, 4, 4, 4, 4, 4, 4, 4, 4, 4, 4, 4, 3, 4;4, 4, 4, 4, 3, 4, 4, 4, 4, 3, 4, 4, 4, 4, 4, 3, 4, 4, 4, 4,4, 4, 4, 4, 4, 4, 4, 4, 4, 4, 4, 4, 4, 4, 3, 4;Banchory is known as the gateway to Royal Deeside.;19;20;3.85 3.85;0.366347548532523 0.670820393249937
,5,8,,,9,,,,6,6,,,,6,8,10,,,5,,7;"


















";en;10;4, 3, 4, 4, 3, 4, 4, 4, 3, 3, 4, 4, 4, 2, 3, 4, 4, 3, 4, 3;4, 4, 4, 4, 4, 4, 4, 4, 4, 4, 4, 4, 4, 4, 3;4, 3, 4, 4, 3, 4, 4, 4, 3, 3, 4, 4, 4, 2, 3, 4, 4, 3, 4, 3,4, 4, 4, 4, 4, 4, 4, 4, 4, 4, 4, 4, 4, 4, 3;Born in Jiangxi , he started learning guqin in his childhood .;22;20;3.55 3.85;0.604805318829299 0.670820393249937
,,,,,9,,9,10,,,,,,,,,10,,,;"


















";no;20;4, 4, 4, 4, 4, 2, 4, 2, 4, 4, 4, 4, 4, 4, 4, 4, 3, 4, 4, 4;4, 4, 4, 4, 4, 4, 4, 3, 4, 4, 3, 4, 4, 4, 4, 4, 3, 2;4, 4, 4, 4, 4, 2, 4, 2, 4, 4, 4, 4, 4, 4, 4, 4, 3, 4, 4, 4,4, 4, 4, 4, 4, 4, 4, 3, 4, 4, 3, 4, 4, 4, 4, 4, 3, 2;But as with the members of any organization, some missionaries use certain missionary specific jargon when communicating with each other .;20;20;3.75 3.4;0.638666373658505 1.23117402250218
5,8,,,,,,10,,7,,,,8,8,10,10,,5,,10;"


















";en;18;3, 3, 4, 4, 4, 4, 4, 2, 4, 3, 4, 4, 4, 2, 2, 3, 4, 2, 4, 3;4, 4, 4, 4, 3, 3, 4, 3, 4, 4, 4, 4, 4, 4, 3, 1;3, 3, 4, 4, 4, 4, 4, 2, 4, 3, 4, 4, 4, 2, 2, 3, 4, 2, 4, 3,4, 4, 4, 4, 3, 3, 4, 3, 4, 4, 4, 4, 4, 4, 3, 1;By the early 770s , it appears that Offa was attempting to rule Kent directly , and a rebellion followed .;21;20;3.35 2.95;0.812727700887249 1.46808145478878
5,9,5,6,5,9,6,10,11,5,,5,5,,,5,6,9,10,7,,,,5,6,10,5,5,10;"



This is not a sentence - just a list.














";no;14;1, 1, 2, 1, 1, 2, 4, 2, 3, 4, 4, 1, 3, 4, 4, 4, 2, 1, 3, 3;3, 1, 4, 1, 2, 2, 1, 3, 1, 4, 3, 3, 3, 2, 1;1, 1, 2, 1, 1, 2, 4, 2, 3, 4, 4, 1, 3, 4, 4, 4, 2, 1, 3, 3,3, 1, 4, 1, 2, 2, 1, 3, 1, 4, 3, 3, 3, 2, 1;Cambodia , East Timor , Indonesia, Bangladesh , Burma, Nepal, India , Mongolia , Pakistan , Philippines , Sri Lanka , Vietnam;29;20;2.5 2.65;1.23544153624268 1.53125335660212
,,,,,,,10,6,6,,,10,10,5,,5,,,;"


















";en;16;4, 4, 4, 4, 4, 4, 4, 3, 3, 3, 4, 4, 3, 3, 1, 4, 2, 4, 4, 4;4, 4, 4, 4, 4, 4, 4, 4, 4, 4, 4, 4, 4, 3, 4;4, 4, 4, 4, 4, 4, 4, 3, 3, 3, 4, 4, 3, 3, 1, 4, 2, 4, 4, 4,4, 4, 4, 4, 4, 4, 4, 4, 4, 4, 4, 4, 4, 3, 4;Characters , weapons and vehicles of all the factions have been released as toys or promotional materials .;19;20;3.5 3.7;0.827170191868511 0.923380516876639
,9,,,,6,,,,,,,,,,,,,,;"


















";en;11;4, 3, 4, 4, 4, 3, 4, 4, 4, 4, 4, 4, 4, 4, 4, 4, 4, 4, 4, 4;4, 4, 3, 4, 4, 4, 3, 4, 4, 4, 4, 4, 3, 4, 4, 2;4, 3, 4, 4, 4, 3, 4, 4, 4, 4, 4, 4, 4, 4, 4, 4, 4, 4, 4, 4,4, 4, 3, 4, 4, 4, 3, 4, 4, 4, 4, 4, 3, 4, 4, 2;Clepsis illustrana is a species of moth of the Tortricidae family .;19;20;3.9 3.4;0.307793505625546 1.23117402250218
5,8,,9,10,,5,9,10,5,9,10,,5,6,7,5,5,10,7,,9,5,8,10,5,7,10,5,7,10,,;"


















";ja;24;3, 2, 4, 3, 4, 3, 2, 2, 4, 1, 1, 1, 2, 4, 3, 2, 3, 1, 4, 4;1, 2, 1, 3, 1, 2, 2, 1, 2, 1, 2, 1, 2, 1, 3, 2, 4, 2;3, 2, 4, 3, 4, 3, 2, 2, 4, 1, 1, 1, 2, 4, 3, 2, 3, 1, 4, 4,1, 2, 1, 3, 1, 2, 2, 1, 2, 1, 2, 1, 2, 1, 3, 2, 4, 2;During the second half of her career , Pereira , refused to rich experience difficulty with director of the museum and gallery owners and Abstract Expressionism .;32;20;2.65 1.75;1.13670808176853 1.33278497495796
,,5,10,10,5,9,5,9,10,5,11,,5,11,,9,5,8,9,6,7,6,10,9;"









stages seems wrong because stages are not usually named after people.  maybe is should be ""names of several people""

it is stage names not the name of several stages






";zh;16;4, 4, 3, 3, 3, 3, 2, 3, 2, 2, 3, 4, 2, 4, 3, 2, 2, 3, 2, 3;3, 2, 3, 4, 4, 4, 4, 2, 2, 3, 4, 4, 1, 3, 2, 1;4, 4, 3, 3, 3, 3, 2, 3, 2, 2, 3, 4, 2, 4, 3, 2, 2, 3, 2, 3,3, 2, 3, 4, 4, 4, 4, 2, 2, 3, 4, 4, 1, 3, 2, 1;During this time , he used the name of several stages , including Don Maxwell and Chester Lad .;25;20;2.85 2.5;0.745159820370595 1.53896752812773
,,,,,,,,,,,,,,,,,,,7;"


















";es;12;4, 4, 4, 4, 4, 4, 4, 4, 4, 4, 4, 4, 4, 4, 4, 4, 4, 4, 4, 3;4, 4, 4, 4, 4, 4, 4, 4, 4, 4, 4, 4, 4, 3, 4;4, 4, 4, 4, 4, 4, 4, 4, 4, 4, 4, 4, 4, 4, 4, 4, 4, 4, 4, 3,4, 4, 4, 4, 4, 4, 4, 4, 4, 4, 4, 4, 4, 3, 4;Each group was asked to rate both the best and worst politicians .;20;20;3.95 3.55;0.223606797749979 1.09904264559757
,,10,9,10,,5,10,9,,10,5,10,5,5,8,9,10,10,6,9,5,5,6,9,5,5,7,9;"


















";es;22;4, 4, 3, 2, 4, 3, 3, 4, 2, 2, 3, 3, 1, 3, 3, 2, 1, 2, 1, 1;2, 2, 1, 3, 1, 4, 2, 4, 4, 1, 1, 2, 3, 1, 2, 1, 1, 1;4, 4, 3, 2, 4, 3, 3, 4, 2, 2, 3, 3, 1, 3, 3, 2, 1, 2, 1, 1,2, 2, 1, 3, 1, 4, 2, 4, 4, 1, 1, 2, 3, 1, 2, 1, 1, 1;Endo Pharmaceuticals The building can be described as a mat building due to its shallow and wide in the landscape plan profile.;29;20;2.55 1.75;1.05006265477226 1.33278497495796
6,,6,7,9,9,5,,5,9,5,6,10,7,,6,5,,5,10,5,6,9,6,,5,7;"


















";no;24;3, 4, 3, 3, 3, 4, 1, 3, 2, 3, 4, 3, 1, 4, 2, 1, 2, 4, 3, 3;2, 3, 2, 4, 3, 2, 1, 2, 4, 4, 4, 2, 1, 2, 3, 4;3, 4, 3, 3, 3, 4, 1, 3, 2, 3, 4, 3, 1, 4, 2, 1, 2, 4, 3, 3,2, 3, 2, 4, 3, 2, 1, 2, 4, 4, 4, 2, 1, 2, 3, 4;Engaged in long-range strategic bombing of enemy targets in occupied Europe and Nazi Germany , attacking transportation, industry, oil industry and other measures as directed .;27;20;2.8 1.75;1.00524937990007 1.33278497495796
,,,10,,7,,9,,10,,,9,10,,10,,,,5;"


















";no;11;4, 4, 4, 3, 4, 3, 4, 3, 4, 3, 4, 4, 3, 3, 4, 3, 4, 4, 4, 3;4, 4, 4, 4, 4, 4, 4, 4, 4, 4, 4, 4, 4, 4, 3;4, 4, 4, 3, 4, 3, 4, 3, 4, 3, 4, 4, 3, 3, 4, 3, 4, 4, 4, 3,4, 4, 4, 4, 4, 4, 4, 4, 4, 4, 4, 4, 4, 4, 3;From 1961 to 1963 Jones taught at Croydon College of Art.;20;20;3.6 3.25;0.502624689950035 1.33278497495796
6,7,5,9,8,9,10,,,10,,5,9,10,5,,5,8,,5,8,9,,8,5,8,9,10,8,9,7,8,8,9;"


















";en;15;2, 3, 2, 2, 4, 4, 2, 4, 2, 1, 4, 1, 4, 2, 4, 3, 2, 3, 3, 3;3, 4, 4, 3, 1, 4, 3, 1, 3, 3, 1, 2, 1, 1, 2, 4;2, 3, 2, 2, 4, 4, 2, 4, 2, 1, 4, 1, 4, 2, 4, 3, 2, 3, 3, 3,3, 4, 4, 3, 1, 4, 3, 1, 3, 3, 1, 2, 1, 1, 2, 4;He is an acute ... and discriminat ... logician  with  the habitual coolness and caution  of the lawyer .;34;20;2.75 1.75;1.01954582251634 1.33278497495796
6,5,9,10,,,,5,9,10,6,5,9,10,6,10,5,6,5,5,6,,5,7,5,5,5,6,5,6,9;"


















";zh;13;2, 2, 4, 4, 4, 1, 2, 3, 2, 1, 2, 1, 4, 1, 3, 1, 1, 1, 3, 2;1, 2, 1, 1, 1, 1, 1, 1, 1, 1, 1, 1, 1, 1, 1, 3;2, 2, 4, 4, 4, 1, 2, 3, 2, 1, 2, 1, 4, 1, 3, 1, 1, 1, 3, 2,1, 2, 1, 1, 1, 1, 1, 1, 1, 1, 1, 1, 1, 1, 1, 3;He is the second ( 2003 ) Gulf War, the United States Marine Corps embedded .;31;20;2.2 1.6;1.15165784392487 1.23117402250218
9;";;;;;;;;;;;;;;;;;;;";ja;19;2;1, 1, 1, 1, 1, 1, 2, 2, 2, 1, 1, 1, 1, 1, 1, 1, 3, 1;2,1, 1, 1, 1, 1, 1, 2, 2, 2, 1, 1, 1, 1, 1, 1, 1, 3, 1;He preferred more , the style of pacing volley and was completed quickness , the angle excellent choice , paired with strategy .;1;20;2 1.3;0,923380517
10,10,,,10,10,7,5,10,,10,,6,7,10,6,9,5,6,10,,,5,6,10,7;"


















";es;11;3, 3, 4, 4, 3, 3, 3, 2, 3, 4, 2, 4, 2, 3, 2, 4, 4, 3, 3, 2;4, 1, 2, 3, 4, 1, 2, 2, 3, 2, 1, 2, 1, 3, 4, 1, 3;3, 3, 4, 4, 3, 3, 3, 2, 3, 4, 2, 4, 2, 3, 2, 4, 4, 3, 3, 2,4, 1, 2, 3, 4, 1, 2, 2, 3, 2, 1, 2, 1, 3, 4, 1, 3;How to approach the king for a post in the  Hird ;26;20;3.05 2.65;0.759154654516248 1.53125335660212
,,,6,9,10,5,6,10,,9,6,6,9,10,,,,6,10,6,10,,6,5,6,6;"


















";ja;11;4, 4, 4, 2, 1, 4, 3, 3, 3, 3, 4, 4, 4, 1, 2, 3, 4, 3, 3, 2;4, 3, 4, 3, 4, 3, 3, 4, 2, 4, 3, 3, 1, 3;4, 4, 4, 2, 1, 4, 3, 3, 3, 3, 4, 4, 4, 1, 2, 3, 4, 3, 3, 2,4, 3, 4, 3, 4, 3, 3, 4, 2, 4, 3, 3, 1, 3;Icon of Theotocos Iverskaya disappeared in 1927 , it was not recovered .;27;20;3.05 2.05;0.998683343734455 1.46808145478878
9,9,,9,5,7,,8,,7,9,9,10,11,,9,,5,10,9,5,9,7,9;"










in this fiftieth birthday







";es;19;3, 3, 4, 3, 2, 2, 4, 3, 4, 3, 3, 2, 4, 3, 4, 2, 3, 3, 1, 1;2, 1, 3, 3, 3, 4, 2, 3, 2, 2, 1, 4, 2, 2, 1, 1, 4, 4;3, 3, 4, 3, 2, 2, 4, 3, 4, 3, 3, 2, 4, 3, 4, 2, 3, 3, 1, 1,2, 1, 3, 3, 3, 4, 2, 3, 2, 2, 1, 4, 2, 2, 1, 1, 4, 4;In 1917 , in his fiftieth birthday , the galleries of Paul Cassirer provided a retrospective of drawings by Kollwitz hundred .;24;20;2.85 2.2;0.93330200448673 1.5078740698501
,7,7,,,,10,,,,,10,10,6,,,,,,;"


















";no;19;4, 2, 2, 4, 4, 4, 3, 4, 4, 4, 4, 3, 3, 3, 4, 4, 4, 4, 4, 4;4, 3, 4, 4, 3, 4, 4, 4, 4, 4, 4, 2, 4;4, 2, 2, 4, 4, 4, 3, 4, 4, 4, 4, 3, 3, 3, 4, 4, 4, 4, 4, 4,4, 3, 4, 4, 3, 4, 4, 4, 4, 4, 4, 2, 4;In 2003 the ceremonial borders were further adjusted , placing the entire Caerphilly Municipality in the ceremonial county of Gwent .;19;20;3.6 3.4;0.680557047378721 1.23117402250218
8,9,,,,7,7,9,9,,6,9,,5,5,9,5,6,10,6,10,7,9,,9;"


















";zh;21;3, 4, 4, 4, 3, 2, 3, 4, 3, 2, 4, 3, 3, 1, 2, 2, 3, 2, 4, 3;1, 2, 2, 1, 1, 1, 1, 1, 1, 1, 1, 2, 2, 3, 3;3, 4, 4, 4, 3, 2, 3, 4, 3, 2, 4, 3, 3, 1, 2, 2, 3, 2, 4, 3,1, 2, 2, 1, 1, 1, 1, 1, 1, 1, 1, 2, 2, 3, 3;In Aleppo vilayet of farmland , including Maskanah, was confiscated in 1876 by the Sultan Abdulhamid II as his own personal property.;25;20;2.95 2.05;0.887041208323017 1.46808145478878
7,,,,9,9,,,,,,,,,,,10,5,9,,;"


















";es;11;3, 4, 4, 4, 3, 3, 4, 4, 4, 4, 4, 4, 4, 4, 4, 4, 3, 3, 4, 4;4, 4, 4, 4, 4, 4, 4, 4, 4, 4, 4, 4, 4, 4, 4, 4, 3;3, 4, 4, 4, 3, 3, 4, 4, 4, 4, 4, 4, 4, 4, 4, 4, 3, 3, 4, 4,4, 4, 4, 4, 4, 4, 4, 4, 4, 4, 4, 4, 4, 4, 4, 4, 3;In December 2009 , Panter became President of the Rambert Dance Company.;20;20;3.75 3.85;0.444261658319319 0.670820393249937
5,7,,,,,5,9,10,7,9,6,,10,9,10,5,9,10,5,5,9,7,9,5,7,5,5,7,9;"


















";zh;22;2, 4, 4, 4, 4, 2, 3, 2, 3, 4, 2, 3, 1, 3, 3, 3, 2, 1, 3, 2;1, 3, 1, 4, 1, 1, 3, 2, 4, 2, 2, 2, 2, 4, 3, 2, 1;2, 4, 4, 4, 4, 2, 3, 2, 3, 4, 2, 3, 1, 3, 3, 3, 2, 1, 3, 2,1, 3, 1, 4, 1, 1, 3, 2, 4, 2, 2, 2, 2, 4, 3, 2, 1;In the comics, Ji new monsters wreak havoc across the city back to the last part of the front of the school .;30;20;2.75 1.9;0.966545666958261 1.41048703794488
,,,,,,,,,,,5,,,,,,,,8;"


















";es;8;4, 4, 4, 4, 4, 4, 4, 4, 4, 4, 4, 3, 4, 4, 4, 4, 4, 4, 4, 3;4, 4, 4, 4, 4, 4, 4, 4, 4, 4, 4, 4, 4, 3, 4;4, 4, 4, 4, 4, 4, 4, 4, 4, 4, 4, 3, 4, 4, 4, 4, 4, 4, 4, 3,4, 4, 4, 4, 4, 4, 4, 4, 4, 4, 4, 4, 4, 3, 4;Danmarks Radio has an office in the city.;20;18;3.9 3.83333333333333;0.307793505625546 0.707106781186548
5,6,7,9,10,,8,9,5,9,10,,9,7;"






";ja;14;1, 4, 3, 2, 2, 4, 3, 1;3, 1, 3, 4, 1, 1, 2, 2, 2, 4, 2, 1, 1, 1, 3;1, 4, 3, 2, 2, 4, 3, 1,3, 1, 3, 4, 1, 1, 2, 2, 2, 4, 2, 1, 1, 1, 3;Despite the loss of some of his eyes , John Horus fends cut off his attack .;14;17;2.5 2.41176470588235;1.19522860933439 1.54348726628258
,,,,9,,9,10,,,,5,9,,,7,,,,9,;"


















";es;12;4, 4, 4, 4, 3, 4, 2, 4, 4, 4, 3, 3, 4, 4, 3, 4, 4, 4, 3, 4;4, 4, 4, 4, 3, 4, 4, 4, 4, 4, 3, 4, 1;4, 4, 4, 4, 3, 4, 2, 4, 4, 4, 3, 3, 4, 4, 3, 4, 4, 4, 3, 4,4, 4, 4, 4, 3, 4, 4, 4, 4, 4, 3, 4, 1;Inside, the building has an inviting oval staircase lit by a cupola .;20;17;3.65 3.64705882352941;0.5871429486124 0.996316746232607
,,9,6,9,7,6,10,5,6,,5,6,6,9,5,7,10,5,5,,5,5,9,5,6,7,9,10,5,7;"


















";ja;20;4, 4, 3, 2, 3, 2, 1, 4, 2, 2, 2, 2, 3, 1, 4, 1, 2, 2, 1, 3;1, 3, 1, 1, 1, 4, 3, 2, 3, 2, 1, 1, 1;4, 4, 3, 2, 3, 2, 1, 4, 2, 2, 2, 2, 3, 1, 4, 1, 2, 2, 1, 3,1, 3, 1, 1, 1, 4, 3, 2, 3, 2, 1, 1, 1;1917 , the birthday of the fifty -year-old girlfriend , gallery of Paul Cassirer gave a retrospective of drawings of 150 by Kollwitz .;31;16;2.4 1.75;1.04629672756119 1.34164078649987
5,9,10,,8,9,5,9,10,,;"





";es;17;1, 4, 2, 3, 2, 4, 4;1, 1, 2, 1, 3, 3, 3, 4, 4, 1, 3, 4, 4, 2;1, 4, 2, 3, 2, 4, 4,1, 1, 2, 1, 3, 3, 3, 4, 4, 1, 3, 4, 4, 2;Adults are on wing from June to July in North America and May to July in Europe .;10;16;2.85714285714286 2.875;1.21498579258791 1.5
,,,9,,9,6,6,,,,7,11,,,,,6,9,5,6;"











And






";no;9;4, 4, 4, 3, 4, 3, 2, 3, 4, 4, 4, 3, 2, 4, 4, 4, 4, 3, 3, 3;3, 4, 3, 4, 4, 4, 4, 4, 4, 3, 4, 4, 2, 3;4, 4, 4, 3, 4, 3, 2, 3, 4, 4, 4, 3, 2, 4, 4, 4, 4, 3, 3, 3,3, 4, 3, 4, 4, 4, 4, 4, 4, 3, 4, 4, 2, 3;And now he is the coach of KK Bosna.;21;16;3.45 3.625;0.68633274115326 1.02469507659596
,9,,,,,,5,,,,,11,,,9,,5,,9;"











genus






";en;12;4, 3, 4, 4, 4, 4, 4, 3, 4, 4, 4, 4, 3, 4, 4, 3, 4, 2, 4, 2;3, 4, 3, 4, 4, 4, 4, 4, 4, 4, 4, 4, 4, 4, 2, 4, 4, 1, 2;4, 3, 4, 4, 4, 4, 4, 3, 4, 4, 4, 4, 3, 4, 4, 3, 4, 2, 4, 2,3, 4, 3, 4, 4, 4, 4, 4, 4, 4, 4, 4, 4, 4, 2, 4, 4, 1, 2;Alpheias baccalis is a species of snout moths in the genus  Alpheias  .;20;15;3.6 3.6;0.680557047378721 1.0555973258235
5,6,10,9,10,,10,,,5,9,,5,5,,5,9,,,9,10,5,9,10,5,;"


















";ja;21;3, 3, 2, 4, 3, 4, 4, 2, 4, 2, 1, 4, 1, 4, 4, 2, 3, 1, 1, 4;3, 3, 3, 1, 1, 1, 4, 2, 3, 1, 2, 3, 3, 1;3, 3, 2, 4, 3, 4, 4, 2, 4, 2, 1, 4, 1, 4, 4, 2, 3, 1, 1, 4,3, 3, 3, 1, 1, 1, 4, 2, 3, 1, 2, 3, 3, 1;Based on the relational algebra , relational database model , introduced a Structured Query Language (SQL) that does not depend on the programming language .;25;15;2.8 2.2;1.19648608323224 1.52127765851133
5,7,9,11,,9,5,9,5,9,10,,9,,6,9,10,,,9,,6,,5,11;"

doesn't make sense
















Sentence does not make sense, multiple mistakes including punctuation, the use of the word name instead of town, the use of in instead of within.";zh;18;2, 3, 1, 4, 2, 3, 3, 2, 4, 3, 4, 2, 4, 4, 3, 4, 1, 4, 2, 1;3, 2, 1, 2, 2, 2, 2, 3, 2, 2, 2, 1, 1, 4, 4;2, 3, 1, 4, 2, 3, 3, 2, 4, 3, 4, 2, 4, 4, 3, 4, 1, 4, 2, 1,3, 2, 1, 2, 2, 2, 2, 3, 2, 2, 2, 1, 1, 4, 4;By 1305 , 183 settlers live in the walls of the name , but only 52 in the town's defenses.;25;15;2.8 2.4;1.10501250290617 1.54919333848297
5,6,9,10,5,9,9,9,9,8,6,7,9,,5,5,9,,9,9,,5,6,9,10,5,9,9,9,9,9;"


















";zh;19;1, 1, 2, 2, 3, 2, 3, 4, 3, 3, 4, 2, 2, 4, 1, 2, 1, 2, 2, 2;3, 1, 1, 2, 1, 2, 2, 4, 4, 1, 1, 1, 2, 1, 3;1, 1, 2, 2, 3, 2, 3, 4, 3, 3, 4, 2, 2, 4, 1, 2, 1, 2, 2, 2,3, 1, 1, 2, 1, 2, 2, 4, 4, 1, 1, 1, 2, 1, 3;Continuous do not see the future with Kid Rock after this and released him from his contract in 1994 .;31;15;2.3 2;0.978720969859186 1.4638501094228
7,,6,,9,,,,,,,10,,,,10,5,6,,,10;"


















";es;9;3, 4, 2, 4, 3, 4, 4, 4, 4, 4, 4, 3, 4, 4, 4, 2, 2, 4, 4, 2;4, 4, 4, 4, 3, 3, 4, 3, 3, 4, 3, 4, 4, 3, 4, 1;3, 4, 2, 4, 3, 4, 4, 4, 4, 4, 4, 3, 4, 4, 4, 2, 2, 4, 4, 2,4, 4, 4, 4, 3, 3, 4, 3, 3, 4, 3, 4, 4, 3, 4, 1;Council appointed the Division 4 Councillor John Whaley Mayor .;21;15;3.45 3;0.825577947481897 1.4638501094228
7,,,,,9,10,,10,,,,6,7,9,10,,5,7,5,10,5,10,5,9,10,,;"


















";zh;20;2, 4, 4, 4, 4, 2, 4, 3, 4, 4, 4, 2, 4, 3, 2, 3, 1, 2, 4, 4;3, 2, 3, 1, 4, 1, 3, 4, 3, 3, 4, 4, 2, 3, 1, 2, 2, 1;2, 4, 4, 4, 4, 2, 4, 3, 4, 4, 4, 2, 4, 3, 2, 3, 1, 2, 4, 4,3, 2, 3, 1, 4, 1, 3, 4, 3, 3, 4, 4, 2, 3, 1, 2, 2, 1;Endo Pharmaceuticals building construction due to the contours of the cushion can be described as shallow and wide landscape plan .;27;15;3.2 2.2;1.00524937990007 1.52127765851133
,7,,8,,,8,5,,8,9,,,9,,9,,5,,;"


















";en;13;4, 3, 4, 2, 4, 4, 3, 3, 4, 1, 3, 4, 4, 2, 4, 3, 4, 3, 4, 4;2, 4, 4, 1, 4, 4, 3, 4, 3, 4, 3, 4, 2, 3, 1, 4;4, 3, 4, 2, 4, 4, 3, 3, 4, 1, 3, 4, 4, 2, 4, 3, 4, 3, 4, 4,2, 4, 4, 1, 4, 4, 3, 4, 3, 4, 3, 4, 2, 3, 1, 4;Hydration , the addition of water across the double bond of alkenes , yields alcohols .;19;15;3.35 3.4;0.875093979915421 1.24211800681624
,,,,,,,,,,,,,,,,,,,;"


















";en;12;4, 4, 4, 4, 4, 4, 4, 4, 4, 4, 4, 4, 4, 4, 4, 4, 4, 4, 4, 4;4, 4, 4, 4, 4, 4, 4, 4, 4, 4, 4, 4, 4, 4, 3, 4;4, 4, 4, 4, 4, 4, 4, 4, 4, 4, 4, 4, 4, 4, 4, 4, 4, 4, 4, 4,4, 4, 4, 4, 4, 4, 4, 4, 4, 4, 4, 4, 4, 4, 3, 4;From 1970 to 1982 , Wellink worked at the Dutch Ministry of Finance .;19;14;4 3.78571428571429;0 0.801783725737273
6,,,5,,5,9,10,5,5,9,10,,,5,6,5,8,9,10,5,5,,,6,10,5,5;"


















";ja;20;3, 4, 4, 2, 4, 1, 2, 1, 4, 4, 1, 2, 2, 1, 2, 4, 4, 1, 1, 2;4, 1, 2, 3, 2, 2, 4, 1, 4, 1, 1, 3, 1, 2;3, 4, 4, 2, 4, 1, 2, 1, 4, 4, 1, 2, 2, 1, 2, 4, 4, 1, 1, 2,4, 1, 2, 3, 2, 2, 4, 1, 4, 1, 1, 3, 1, 2;After the investigation , he put the responsibility of the meat problem only subcontractors acquitted the vendor and his Ninian Edwards .;28;13;2.45 1.92307692307692;1.27630222456166 1.44115338424578
,10,9,5,,5,10,,9,,9,,,7,9,5,6,10,,,5,10;"


















";no;19;4, 3, 1, 1, 4, 2, 4, 2, 4, 3, 4, 4, 2, 3, 3, 2, 4, 4, 2, 3;1, 3, 4, 2, 4, 2, 3, 4, 2, 3, 3, 4, 1;4, 3, 1, 1, 4, 2, 4, 2, 4, 3, 4, 4, 2, 3, 3, 2, 4, 4, 2, 3,1, 3, 4, 2, 4, 2, 3, 4, 2, 3, 3, 4, 1;He said the state could ask the company that prepared the ship for its sinking to correct its position .;22;13;2.95 3.07692307692308;1.05006265477226 1.44115338424578
5,9,10,,9,,9,,,,,7;"








";en;25;1, 4, 3, 4, 3, 4, 4, 4, 4, 3;4, 3, 4, 4, 4, 4, 4, 4, 4, 4, 4, 4, 4, 4, 3, 2;1, 4, 3, 4, 3, 4, 4, 4, 4, 3,4, 3, 4, 4, 4, 4, 4, 4, 4, 4, 4, 4, 4, 4, 3, 2;Bill S. Johnson ( 5 January 1886 – 5 October 1964 ) was an Australian rules footballer who played for Essendon and Carlton in the Victorian Football League (VFL ) .;12;12;3.4 3;0.966091783079296 1.47709789175199
7,,5,6,7,,9,9,,5,,5,6,,6,6,,5,10,,6,5,5,6,7;"


















";no;19;3, 4, 1, 4, 2, 3, 4, 2, 4, 3, 4, 2, 2, 4, 2, 4, 3, 2, 2, 2;2, 3, 2, 1, 3, 1, 1, 3, 3, 4, 1, 4, 1, 4, 3, 2;3, 4, 1, 4, 2, 3, 4, 2, 4, 3, 4, 2, 2, 4, 2, 4, 3, 2, 2, 2,2, 3, 2, 1, 3, 1, 1, 3, 3, 4, 1, 4, 1, 4, 3, 2;By 1305 , it was titled 183 settlers living outside the city walls and only 52 in the city's defenses .;25;12;2.85 1.75;0.988086934168084 1.35680105059994
7,8,9,9,,,6,7,11,6,10,,5,7,5,9,10,10,,,9,10,5,5,7,,5,7,10;"





doesn't really make sense in the wording












";zh;24;3, 2, 3, 4, 4, 3, 2, 2, 4, 2, 1, 3, 4, 4, 2, 2, 2, 4, 2, 3;2, 4, 3, 3, 4, 3, 2, 3, 3, 1, 3, 1, 1, 3, 1;3, 2, 3, 4, 4, 3, 2, 2, 4, 2, 1, 3, 4, 4, 2, 2, 2, 4, 2, 3,2, 4, 3, 3, 4, 3, 2, 3, 3, 1, 3, 1, 1, 3, 1;Carl's oral history by Bancroft Library at the University of California at Berkeley , was placed in his file Environmental Design , University of California , Berkeley .;29;12;2.8 2.25;0.951453182187509 1.54478595163331
,8,9,,8,9,,;"




";en;16;4, 2, 4, 3, 4, 4;4, 4, 4, 4, 4, 4, 4, 4, 4, 4, 4, 4, 4, 4, 3, 4;4, 2, 4, 3, 4, 4,4, 4, 4, 4, 4, 4, 4, 4, 4, 4, 4, 4, 4, 4, 3, 4;He was born in Nashville , Tennessee during the height of Jesse James' career as an outlaw .;7;11;3.5 3.18181818181818;0.836660026534076 1.40129809949074
10,8,5,,5,7,,,,,,9,5,,,7,8,9,,,,5;"


















";en;25;3, 3, 3, 4, 3, 4, 4, 4, 4, 4, 2, 2, 4, 4, 3, 3, 4, 4, 4, 3;4, 1, 4, 1, 4, 3, 3, 2, 3, 1, 3, 3, 4, 4, 4, 4;3, 3, 3, 4, 3, 4, 4, 4, 4, 4, 2, 2, 4, 4, 3, 3, 4, 4, 4, 3,4, 1, 4, 1, 4, 3, 3, 2, 3, 1, 3, 3, 4, 4, 4, 4;In 1951 , the rear suspension was upgraded to the  Jampot  unit , derided for its shape in the 28 September issue of the  Motor Cycle  magazine .;22;11;3.45 3.18181818181818;0.68633274115326 1.40129809949074
5,5,,9,5,9,5,,6,7,5,6,5,9,,5,7,9,5,6,5,10,6,5,9,,6;"


















";es;21;3, 1, 4, 3, 2, 3, 1, 4, 2, 2, 2, 4, 2, 1, 2, 1, 3, 1, 4, 3;3, 1, 1, 1, 2, 2, 2, 3, 2, 1, 2, 2, 1, 2, 4, 1;3, 1, 4, 3, 2, 3, 1, 4, 2, 2, 2, 4, 2, 1, 2, 1, 3, 1, 4, 3,3, 1, 1, 1, 2, 2, 2, 3, 2, 1, 2, 2, 1, 2, 4, 1;In the Latin Grammy Awards in Houston, Texas, after a presentation of various accordion Latin music that touched with his song .;27;11;2.4 2.09090909090909;1.09544511501033 1.51357493732854
,,7,5,10,,5,,10,7,9,,,9,5,9,,8,,10,6;"


















";ja;15;4, 4, 3, 3, 3, 4, 3, 4, 3, 3, 3, 4, 4, 2, 3, 4, 3, 4, 3, 2;3, 4, 3, 4, 4, 3, 3, 2, 4, 4, 3, 4, 4, 3, 4, 1;4, 4, 3, 3, 3, 4, 3, 4, 3, 3, 3, 4, 4, 2, 3, 4, 3, 4, 3, 2,3, 4, 3, 4, 4, 3, 3, 2, 4, 4, 3, 4, 4, 3, 4, 1;About 1800 BC and later , the settlement of the area by the Germanic tribes began .;21;10;3.3 2.8;0.656946685331786 1.54919333848297
7,,,,5,6,5,6,7,9,5,11,5,5,5,5,,,,6,5,,5,6,9,;"





doesn't really make sense in the wording












";zh;20;3, 4, 4, 4, 2, 1, 1, 1, 3, 1, 2, 4, 4, 4, 1, 1, 4, 3, 2, 4;3, 3, 4, 3, 4, 3, 1, 2, 2, 1, 1, 2, 1, 1, 1, 2;3, 4, 4, 4, 2, 1, 1, 1, 3, 1, 2, 4, 4, 4, 1, 1, 4, 3, 2, 4,3, 3, 4, 3, 4, 3, 1, 2, 2, 1, 1, 2, 1, 1, 1, 2;ACS to do a special  fat heavy flywheel in 14T and 16T BMX with 16  teeth only 3/16 compatible chain.;25;10;2.65 2.2;1.30887657735053 1.54919333848297
5,6,6,,,6,6,,,5,6,10,,11,,5,5,6,5,,,5;"











It does not sound like a complete sentence






";no;10;2, 3, 1, 4, 4, 3, 2, 4, 4, 3, 3, 4, 3, 4, 2, 3, 3, 4, 4, 2;4, 4, 4, 4, 4, 1, 1, 2, 4, 2, 4, 3, 3, 2, 3, 2;2, 3, 1, 4, 4, 3, 2, 4, 4, 3, 3, 4, 3, 4, 2, 3, 3, 4, 4, 2,4, 4, 4, 4, 4, 1, 1, 2, 4, 2, 4, 3, 3, 2, 3, 2;All located within the Okataina caldera , along the western edge .;22;10;3.1 1.9;0.911909506128991 1.44913767461894
,,,,9,,,,,,7,,,9,,10,,,,;"


















";es;12;4, 4, 4, 4, 2, 4, 4, 4, 4, 4, 2, 4, 4, 3, 4, 3, 4, 4, 4, 4;4, 4, 4, 4, 4, 4, 4, 4, 4, 4, 4, 4, 3, 4;4, 4, 4, 4, 2, 4, 4, 4, 4, 4, 2, 4, 4, 3, 4, 3, 4, 4, 4, 4,4, 4, 4, 4, 4, 4, 4, 4, 4, 4, 4, 4, 3, 4;Alpheias baccalis is a species of snout moths in the genus  Alpheias  .;19;10;3.7 3.4;0.656946685331786 1.26491106406735
7,9,9,10,7,,7,9,5,11,5,,5,5,9,5,7,9,,,6,7,,5,9,5,7,9,5;"





doesn't really make sense in the wording












";ja;25;3, 3, 3, 2, 4, 2, 1, 1, 4, 3, 1, 2, 4, 4, 2, 4, 1, 2, 1, 1;2, 2, 1, 3, 1, 2, 3, 2, 4, 1, 4, 1, 2, 4, 1, 1, 2;3, 3, 3, 2, 4, 2, 1, 1, 4, 3, 1, 2, 4, 4, 2, 4, 1, 2, 1, 1,2, 2, 1, 3, 1, 2, 3, 2, 4, 1, 4, 1, 2, 4, 1, 1, 2;Because she had finished constitute enough material for two albums already , she was submitted to them at a meeting for planning the debut of her .;29;10;2.4 1.9;1.18765580695312 1.44913767461894
7,9,5,9,5,9,9,10,5,9,9,9,,9,9,5,9,6,9,9,7,,10,,5,9,5,6;"


















";zh;13;2, 2, 3, 2, 1, 3, 3, 3, 4, 3, 2, 2, 2, 2, 3, 4, 3, 4, 2, 1;2, 2, 2, 1, 3, 2, 2, 3, 2, 2, 3, 2, 1, 2, 1, 4;2, 2, 3, 2, 1, 3, 3, 3, 4, 3, 2, 2, 2, 2, 3, 4, 3, 4, 2, 1,2, 2, 2, 1, 3, 2, 2, 3, 2, 2, 3, 2, 1, 2, 1, 4;Before digital technology became widespread for decades, the scanned data is transmitted analog .;28;10;2.55 1.6;0.887041208323017 1.26491106406735
,,,,7,8,5,,,9,10,,,,,,,,,5,;"


















";en;12;4, 4, 4, 4, 3, 3, 3, 4, 4, 2, 4, 4, 4, 4, 4, 4, 4, 4, 3, 4;4, 4, 4, 4, 4, 4, 4, 4, 4, 4, 4, 4, 4, 4, 4, 4, 3;4, 4, 4, 4, 3, 3, 3, 4, 4, 2, 4, 4, 4, 4, 4, 4, 4, 4, 3, 4,4, 4, 4, 4, 4, 4, 4, 4, 4, 4, 4, 4, 4, 4, 4, 4, 3;Born in New York , Pajak attended public schools in Buffalo , New York .;20;10;3.7 3.7;0.571240570577479 0.948683298050514
5,9,9,,,5,9,,,5,9,9,5,9,9,5,6,,,5,9,,9,9,5,10;"


















";zh;15;2, 3, 4, 4, 2, 4, 4, 2, 2, 2, 2, 3, 3, 4, 4, 2, 4, 2, 3, 2;4, 3, 2, 4, 1, 3, 4, 4, 1, 2, 2, 4, 2, 2, 2, 3, 1, 2;2, 3, 4, 4, 2, 4, 4, 2, 2, 2, 2, 3, 3, 4, 4, 2, 4, 2, 3, 2,4, 3, 2, 4, 1, 3, 4, 4, 1, 2, 2, 4, 2, 2, 2, 3, 1, 2;Brydan Klein and Denmark Propoggia is the defending champion , but Klein chose not to compete.;26;10;2.9 1.9;0.911909506128991 1.44913767461894
5,5,5,6,9,,6,10,,5,7,9,,5,5,5,,,,10,;"


















";ja;11;2, 2, 1, 2, 4, 2, 3, 4, 2, 3, 3, 4, 2, 3, 2, 4, 4, 4, 3, 4;1, 3, 2, 2, 2, 4, 4, 4, 4, 2, 4, 2, 2, 2, 3, 1;2, 2, 1, 2, 4, 2, 3, 4, 2, 3, 3, 4, 2, 3, 2, 4, 4, 4, 3, 4,1, 3, 2, 2, 2, 4, 4, 4, 4, 2, 4, 2, 2, 2, 3, 1;Calhoun County , Texas , Seadrift is a city of the United States .;20;10;2.9 2.2;0.967906041546987 1.54919333848297
5,9,9,,,6,9,,,9,5,5,5,6,5,6,5,6,5,6,6,9,5;"


















";zh;10;2, 3, 4, 4, 2, 4, 4, 3, 2, 3, 3, 3, 2, 3, 3, 2, 3, 1, 2, 2;3, 2, 1, 3, 2, 3, 1, 2, 1, 1, 4, 4, 1, 3, 3, 3, 4, 2;2, 3, 4, 4, 2, 4, 4, 3, 2, 3, 3, 3, 2, 3, 3, 2, 3, 1, 2, 2,3, 2, 1, 3, 2, 3, 1, 2, 1, 1, 4, 4, 1, 3, 3, 3, 4, 2;Clepsis illustrana is Tortricidae family of a species of moth .;23;10;2.75 1.6;0.850696309223401 1.26491106406735
9,9,,,,,10,7,8,,10,,,,9,,,,,,11;"


















Continuum";en;18;3, 3, 4, 4, 4, 4, 3, 2, 4, 3, 4, 4, 4, 3, 4, 4, 4, 4, 4, 3;4, 4, 4, 4, 4, 4, 4, 4, 4, 4, 4, 4, 4, 3, 4;3, 3, 4, 4, 4, 4, 3, 2, 4, 3, 4, 4, 4, 3, 4, 4, 4, 4, 4, 3,4, 4, 4, 4, 4, 4, 4, 4, 4, 4, 4, 4, 4, 3, 4;Continuum didn't see a future with Kid Rock after this , and released him from his contract in 1994 .;21;10;3.6 2.5;0.598243041616119 1.58113883008419
,,5,9,10,,5,9,,,5,9,,6,9,5,10,,,9,9,,5,9,,5,7;"


















";es;10;4, 4, 2, 4, 3, 4, 4, 3, 4, 2, 3, 1, 4, 4, 3, 3, 4, 3, 4, 2;2, 1, 4, 3, 4, 4, 4, 2, 1, 2, 2, 3, 2, 3;4, 4, 2, 4, 3, 4, 4, 3, 4, 2, 3, 1, 4, 4, 3, 3, 4, 3, 4, 2,2, 1, 4, 3, 4, 4, 4, 2, 1, 2, 2, 3, 2, 3;Charles Stanley Group plc is a British management company investments.;27;9;3.25 2;0.910465468000326 1.5
,,,,10,10,,,,,7,10,,,,,,,,;"


















";en;18;4, 4, 4, 4, 3, 3, 4, 4, 4, 4, 3, 3, 4, 4, 4, 4, 4, 4, 4, 4;4, 4, 4, 4, 4, 4, 4, 4, 4, 4, 4, 4, 4, 4, 4, 4, 4, 3;4, 4, 4, 4, 3, 3, 4, 4, 4, 4, 3, 3, 4, 4, 4, 4, 4, 4, 4, 4,4, 4, 4, 4, 4, 4, 4, 4, 4, 4, 4, 4, 4, 4, 4, 4, 4, 3;He played three seasons in the NFL , one with the Seattle Seahawks and two with the Miami Dolphins .;19;9;3.8 4;0.410391340834062 0
5,7,9,10,,,5,9,11,,,5,7,5,9,10,5,5,10,,,5,5,9,11,,5,10,7,5,5;"



The sentence makes little sense.









Too many mixed words




";ja;15;1, 3, 4, 4, 2, 4, 4, 3, 1, 1, 2, 4, 4, 3, 1, 4, 2, 3, 2, 1;1, 1, 1, 1, 1, 2, 1, 2, 2, 1, 2, 1, 1, 1, 2, 3;1, 3, 4, 4, 2, 4, 4, 3, 1, 1, 2, 4, 4, 3, 1, 4, 2, 3, 2, 1,1, 1, 1, 1, 1, 2, 1, 2, 2, 1, 2, 1, 1, 1, 2, 3;How to play  crying Tichimi  Her became the basis of the 1958 movie  Restless year  .;31;9;2.65 2.33333333333333;1.22581873821025 1.58113883008419
,5,,,9,9,7,,6,5,10,5,9,,,5,6,6,9,10,,,;"


















";ja;10;4, 2, 4, 4, 3, 2, 3, 4, 2, 3, 3, 2, 4, 4, 2, 2, 2, 4, 4, 4;4, 2, 3, 4, 2, 4, 3, 3, 3, 4, 4, 3, 4, 3, 4, 3, 1;4, 2, 4, 4, 3, 2, 3, 4, 2, 3, 3, 2, 4, 4, 2, 2, 2, 4, 4, 4,4, 2, 3, 4, 2, 4, 3, 3, 3, 4, 4, 3, 4, 3, 4, 3, 1;In some cases , control of the radio is called programmable .;22;9;3.1 3;0.911909506128991 1.5
10,,,9,,9,10,,,,,10,8,,7,10,6,,,,;"


















";no;14;3, 4, 4, 2, 4, 2, 4, 4, 4, 4, 3, 2, 4, 2, 3, 3, 4, 4, 4, 4;4, 3, 3, 4, 3, 3, 3, 2, 3, 4, 4, 2, 3, 1, 3;3, 4, 4, 2, 4, 2, 4, 4, 4, 4, 3, 2, 4, 2, 3, 3, 4, 4, 4, 4,4, 3, 3, 4, 3, 3, 3, 2, 3, 4, 4, 2, 3, 1, 3;It is a fully ordered triclinic modification of potassium feldspar and dimorphous with orthoclase .;20;9;3.4 3.66666666666667;0.820782681668123 1
5,10,5,9,10,,,5,9,10,,,10,5,10,6,,5,10,5,9,10,10,7,10,10,5,6,10,9,10,7;"


















";zh;17;3, 2, 4, 4, 1, 4, 4, 3, 1, 3, 3, 4, 3, 2, 3, 1, 3, 1, 2, 3;4, 3, 4, 2, 2, 2, 3, 3, 4, 2, 4, 1, 4, 2, 1, 3, 1;3, 2, 4, 4, 1, 4, 4, 3, 1, 3, 3, 4, 3, 2, 3, 1, 3, 1, 2, 3,4, 3, 4, 2, 2, 2, 3, 3, 4, 2, 4, 1, 4, 2, 1, 3, 1;It is located in the Eastern European Alps Yuelienci the Hohe Tauern mountain range to the north .;32;9;2.7 2.66666666666667;1.08093526754916 1.58113883008419
,,,,,10,6,7,9,,,9,,,,,5,10,,,;"


















";zh;18;4, 4, 4, 4, 4, 3, 3, 2, 4, 4, 3, 4, 4, 4, 4, 2, 3, 4, 4, 4;4, 4, 3, 4, 4, 4, 4, 4, 3, 4, 4, 4, 4, 3, 4, 2;4, 4, 4, 4, 4, 3, 3, 2, 4, 4, 3, 4, 4, 4, 4, 2, 3, 4, 4, 4,4, 4, 3, 4, 4, 4, 4, 4, 3, 4, 4, 4, 4, 3, 4, 2;Given this approach, language and literacy interventions take place continually , while strengthening the bond between parents and children .;20;8;3.6 4;0.680557047378721 0
,10,,9,5,9,,,,9,,5,7,5,,5,,,,;"

















";es;18;4, 3, 4, 2, 3, 3, 4, 4, 4, 3, 4, 3, 2, 4, 2, 4, 4, 4, 4;3, 2, 4, 3, 3, 2, 3, 1, 1, 3, 4, 3, 1, 4, 1, 2, 3;4, 3, 4, 2, 3, 3, 4, 4, 4, 3, 4, 3, 2, 4, 2, 4, 4, 4, 4,3, 2, 4, 3, 3, 2, 3, 1, 1, 3, 4, 3, 1, 4, 1, 2, 3;He said the state could ask the company that prepares the ship for sinking to correct its position .;19;8;3.42105263157895 3.625;0.768533196975772 1.06066017177982
7,,,,,7,7,10,7,,,7,7,10,6,10,7,9,10,7,9,7,9,7,,10;"


















";en;21;2, 4, 4, 4, 4, 2, 3, 3, 4, 4, 3, 3, 3, 3, 3, 2, 3, 3, 4, 3;4, 2, 4, 2, 1, 3, 2, 3, 4, 2, 3, 4, 1, 3, 2, 4;2, 4, 4, 4, 4, 2, 3, 3, 4, 4, 3, 3, 3, 3, 3, 2, 3, 3, 4, 3,4, 2, 4, 2, 1, 3, 2, 3, 4, 2, 3, 4, 1, 3, 2, 4;"He has established three international organizations ; are Sawaad-e-A’zam , Ahle Sunnat Haqeeqee and International Sunni Movement which are non-profit and non-political movements .";26;7;3.2 3.14285714285714;0.695852373938459 1.4638501094228
5,9,,,,,5,9,5,9,5,9,5,,7,10,7,5,5,9,5,9,5,9,10,5,5,,10;"


















";ja;14;1, 4, 4, 4, 4, 1, 3, 2, 3, 4, 1, 3, 2, 2, 3, 2, 2, 1, 4, 3;4, 4, 1, 2, 1, 1, 1, 3, 1, 1, 2, 4, 2, 1, 3, 3, 4, 3;1, 4, 4, 4, 4, 1, 3, 2, 3, 4, 1, 3, 2, 2, 3, 2, 2, 1, 4, 3,4, 4, 1, 2, 1, 1, 1, 3, 1, 1, 2, 4, 2, 1, 3, 3, 4, 3;He was survived by two daughters and predeceased, his wife , by Barbara King Forest .;29;7;2.65 2.71428571428571;1.13670808176853 1.60356745147455
,,,,,,7,,,,,,,,5,,,,,5,7;"


















";en;19;4, 4, 4, 4, 4, 4, 3, 4, 4, 4, 4, 4, 4, 4, 3, 4, 4, 4, 4, 2;4, 4, 4, 4, 3, 4, 4, 4, 4, 4, 4, 4, 4, 4, 2, 4;4, 4, 4, 4, 4, 4, 3, 4, 4, 4, 4, 4, 4, 4, 3, 4, 4, 4, 4, 2,4, 4, 4, 4, 3, 4, 4, 4, 4, 4, 4, 4, 4, 4, 2, 4;In his two spells for Southampton , Brown made a total of 81 appearances in all competitions , scoring 31 goals .;21;7;3.8 3.57142857142857;0.523148363780597 1.13389341902768
,7,5,10,5,7,,5,9,10,5,8,9,,5,7,9,10,5,,5,7,5,7,5,5,5,6,9,5,9,5;"


















";ja;23;4, 3, 2, 3, 4, 1, 1, 2, 4, 1, 3, 4, 1, 1, 1, 2, 2, 1, 1, 1;1, 1, 1, 1, 1, 1, 2, 1, 1, 1, 1, 1, 2, 1, 3, 1;4, 3, 2, 3, 4, 1, 1, 2, 4, 1, 3, 4, 1, 1, 1, 2, 2, 1, 1, 1,1, 1, 1, 1, 1, 1, 2, 1, 1, 1, 1, 1, 2, 1, 3, 1;It becomes 16T and 14T freewheel special FAT Heavy Duty BMX compatible with the March 16 is the  the teeth ACS, only chain 3/16  .;32;7;2.1 2.71428571428571;1.2096106376586 1.60356745147455
,8,,,,5,9,,5,7,9,,,,,10,7,10,,10,5,6;"


















";en;23;4, 2, 4, 4, 4, 2, 1, 4, 3, 3, 2, 4, 4, 4, 4, 3, 3, 4, 3, 2;4, 4, 3, 3, 2, 1, 2, 4, 4, 3, 2, 3, 2, 4, 1, 2, 4;4, 2, 4, 4, 4, 2, 1, 4, 3, 3, 2, 4, 4, 4, 4, 3, 3, 4, 3, 2,4, 4, 3, 3, 2, 1, 2, 4, 4, 3, 2, 3, 2, 4, 1, 2, 4;Geertz's final category of slametans , intermittently occurring and dependent on a specific situation , are somewhat less frequent and tend to be smaller affairs .;22;6;3.2 4;0.951453182187509 0
,,,,5,,,,6,,,,6,,,10,5,,,;"


















";ja;9;4, 4, 4, 4, 3, 4, 4, 4, 3, 4, 4, 4, 3, 4, 4, 3, 3, 4, 4, 4;4, 4, 4, 4, 4, 4, 4, 4, 4, 4, 4, 4, 4, 4, 3, 4, 2, 4;4, 4, 4, 4, 3, 4, 4, 4, 3, 4, 4, 4, 3, 4, 4, 3, 3, 4, 4, 4,4, 4, 4, 4, 4, 4, 4, 4, 4, 4, 4, 4, 4, 4, 3, 4, 2, 4;Haslum is a district in the municipality Baerum , Norway .;19;6;3.75 4;0.444261658319319 0
,7,7,,,,,,5,5,,,,,,,9,,,8;"


















";no;23;4, 2, 2, 4, 4, 4, 4, 4, 3, 3, 4, 4, 4, 4, 4, 4, 3, 4, 4, 3;4, 3, 4, 4, 4, 4, 4, 4, 4, 4, 4, 4, 3, 4, 2, 4;4, 2, 2, 4, 4, 4, 4, 4, 3, 3, 4, 4, 4, 4, 4, 4, 3, 4, 4, 3,4, 3, 4, 4, 4, 4, 4, 4, 4, 4, 4, 4, 3, 4, 2, 4;He was then transferred to Riazuddin 's Theoretical Physics Group ( TPG ) , where he had worked closely with Riazuddin in the development of nuclear weapons.;20;6;3.6 4;0.680557047378721 0
,,,,,5,9,10,5,9,6,10,,,,10,5,5,9,10,5,5,5,6,10,5,6,5,6;"


















";es;11;4, 4, 4, 4, 4, 1, 3, 2, 4, 4, 4, 3, 2, 2, 3, 2, 1, 2, 1, 1;2, 2, 2, 2, 3, 3, 1, 4, 1, 3, 1, 3, 4, 4, 1, 4, 3;4, 4, 4, 4, 4, 1, 3, 2, 4, 4, 4, 3, 2, 2, 3, 2, 1, 2, 1, 1,2, 2, 2, 2, 3, 3, 1, 4, 1, 3, 1, 3, 4, 4, 1, 4, 3;However, during these years that he learned English , Tamil and Kannada .;29;6;2.75 3;1.20852236875842 1.54919333848297
,9;"
";en;12;4, 3;4, 4, 4, 4, 3, 4, 2, 3, 3, 4, 4, 4, 4, 4, 4, 1, 4;4, 3,4, 4, 4, 4, 3, 4, 2, 3, 3, 4, 4, 4, 4, 4, 4, 1, 4;It is best known for the Puy du Fou historical theme park .;2;6;3.5 4;0.707106781186548 0
,6,7,9,,5,9,10,5,,,,,,,9,,5,9,,6,,5,9,10,11;"


















There are multiple mistakes in the sentence, in grammer, the incorrect use of a plural, and the word computer used instead of costume.";es;17;4, 2, 4, 3, 2, 3, 4, 4, 4, 4, 4, 4, 3, 4, 3, 4, 2, 4, 1, 1;3, 3, 3, 3, 4, 3, 3, 3, 3, 3, 3, 4, 1, 3, 1, 2;4, 2, 4, 3, 2, 3, 4, 4, 4, 4, 4, 4, 3, 4, 3, 4, 2, 4, 1, 1,3, 3, 3, 3, 4, 3, 3, 3, 3, 3, 3, 4, 1, 3, 1, 2;Gaga costumes throughout the video consists mainly of a single computer that was designed by Gianni Versace.;26;5;3.2 3.4;1.05630936457281 1.34164078649987
7,,10,,9,9,,10,,7,10,,9,10,10,,10,5,6,8,7,5,7,5;"


















";en;17;3, 4, 1, 4, 3, 3, 4, 3, 4, 2, 4, 2, 2, 4, 3, 2, 2, 2, 3, 1;3, 2, 3, 1, 3, 2, 4, 4, 1, 1, 2, 1, 3, 4, 3, 3;3, 4, 1, 4, 3, 3, 4, 3, 4, 2, 4, 2, 2, 4, 3, 2, 2, 2, 3, 1,3, 2, 3, 1, 3, 2, 4, 4, 1, 1, 2, 1, 3, 4, 3, 3;Harold` s batman Private Albert Scriven wrote to his widow Mabel on 16 September describing what happened :;24;5;2.8 2.8;1.00524937990007 1.6431676725155
,,,,,,,,9,6,7,,10,10,9,,,,,;"


















";en;20;4, 4, 4, 4, 4, 4, 4, 4, 3, 3, 3, 4, 2, 3, 3, 4, 4, 4, 4, 4;3, 4, 4, 4, 3, 3, 4, 4, 4, 4, 4, 4, 4, 4, 3, 2, 3;4, 4, 4, 4, 4, 4, 4, 4, 3, 3, 3, 4, 2, 3, 3, 4, 4, 4, 4, 4,3, 4, 4, 4, 3, 3, 4, 4, 4, 4, 4, 4, 4, 4, 3, 2, 3;It is set near the site of the pre-reformation St.Mary's Chapel and has long been associated with pagan ritual practices .;19;5;3.65 4;0.5871429486124 0
6,9,6,9,10,5,9,10,,5,9,5,6,9,,5,6;"








";zh;8;1, 2, 3, 2, 3, 4, 1, 1, 4, 2;2, 2, 1, 2, 1, 2, 1, 1, 1, 3, 1, 2, 1, 4;1, 2, 3, 2, 3, 4, 1, 1, 4, 2,2, 2, 1, 2, 1, 2, 1, 1, 1, 3, 1, 2, 1, 4;Guests have from two sports and entertainment world .;17;4;2.3 2.5;1.15950180872841 1.73205080756888
7,,,,,9,9,,,5,9,,9,,,,,,,,;"


















";en;14;3, 4, 4, 4, 4, 3, 3, 4, 4, 1, 4, 3, 4, 4, 4, 4, 4, 4, 4, 4;4, 4, 4, 4, 4, 4, 4, 4, 4, 4, 4, 4, 4, 4, 4, 3;3, 4, 4, 4, 4, 3, 3, 4, 4, 1, 4, 3, 4, 4, 4, 4, 4, 4, 4, 4,4, 4, 4, 4, 4, 4, 4, 4, 4, 4, 4, 4, 4, 4, 4, 3;In 2003 , Willis Broadcasting Corp. sold the station to Starboard Broadcasting for $ 1.5 million .;20;2;3.65 4;0.745159820370595 0
5,9,,,,,,,,5,,,,11,5,5,8,5,7,,5,10;"











too complex words






";es;15;2, 4, 4, 4, 4, 4, 4, 4, 3, 4, 4, 4, 2, 1, 2, 3, 3, 4, 3, 3;4, 4, 2, 3, 3, 2, 4, 4, 4, 3, 4, 4, 1, 2, 1, 4;2, 4, 4, 4, 4, 4, 4, 4, 3, 4, 4, 4, 2, 1, 2, 3, 3, 4, 3, 3,4, 4, 2, 3, 3, 2, 4, 4, 4, 3, 4, 4, 1, 2, 1, 4;It is a totally ordered triclinic modification of potassium feldspar and is dimorphic with orthoclase .;22;2;3.3 4;0.923380516876639 0
;;;;;;;;;;;
;;;;;;;;;;;
;;;;;;;;;;;
;;;;;;;;;;;
;;;;;;;;;;;
;;;;;;;;;;;
;;;;;;;;;;;
;;;;;;;;;;;
;;;;;;;;;;;
;;;;;;;;;;;
;;;;;;;;;;;
;;;;;;;;;;;
;;;;;;;;;;;
;;;;;;;;;;;
;;;;;;;;;;;
;;;;;;;;;;;
;;;;;;;;;;;
;;;;;;;;;;;
;;;;;;;;;;;
;;;;;;;;;;;
;;;;;;;;;;;
;;;;;;;;;;;
;;;;;;;;;;;
;;;;;;;;;;;
;;;;;;;;;;;
;;;;;;;;;;;
;;;;;;;;;;;
;;;;;;;;;;;
;;;;;;;;;;;
;;;;;;;;;;;
;;;;;;;;;;;
;;;;;;;;;;;
;;;;;;;;;;;
;;;;;;;;;;;
;;;;;;;;;;;
;;;;;;;;;;;
;;;;;;;;;;;
;;;;;;;;;;;
;;;;;;;;;;;
;;;;;;;;;;;
;;;;;;;;;;;
;;;;;;;;;;;
;;;;;;;;;;;
;;;;;;;;;;;
;;;;;;;;;;;
;;;;;;;;;;;
;;;;;;;;;;;
;;;;;;;;;;;
;;;;;;;;;;;
;;;;;;;;;;;
;;;;;;;;;;;
;;;;;;;;;;;
;;;;;;;;;;;
;;;;;;;;;;;
;;;;;;;;;;;
;;;;;;;;;;;
;;;;;;;;;;;
;;;;;;;;;;;
;;;;;;;;;;;
;;;;;;;;;;;
;;;;;;;;;;;
;;;;;;;;;;;
;;;;;;;;;;;
;;;;;;;;;;;
;;;;;;;;;;;
;;;;;;;;;;;
;;;;;;;;;;;
;;;;;;;;;;;
;;;;;;;;;;;
;;;;;;;;;;;
;;;;;;;;;;;
;;;;;;;;;;;
;;;;;;;;;;;
;;;;;;;;;;;
;;;;;;;;;;;
;;;;;;;;;;;
;;;;;;;;;;;
;;;;;;;;;;;
;;;;;;;;;;;
;;;;;;;;;;;
;;;;;;;;;;;
;;;;;;;;;;;
;;;;;;;;;;;
;;;;;;;;;;;
;;;;;;;;;;;
;;;;;;;;;;;
;;;;;;;;;;;
;;;;;;;;;;;
;;;;;;;;;;;
;;;;;;;;;;;
;;;;;;;;;;;
;;;;;;;;;;;
;;;;;;;;;;;
;;;;;;;;;;;
